pagename_zonesante,province,antenne,zonesante,pagename_province,pagename_antenne,iso3,grid3id,date,edit_par,source_acronym,sourceid,Shape_Length,Shape_Area,xmin,ymin,xmax,ymax
COD_Bas-Uele_Buta_Aketi,Bas-Uele,Buta,Aketi,COD_Bas-Uele,COD_Bas-Uele_Buta,COD,BU_tZm8gm0Xw7,2025,CIESIN,multiple data sources,Bas-Uele_001,6.199437449449082,1.182676770179483,22.879201235000039,2.075781061000043,24.562792829000045,3.234199800000056
COD_Bas-Uele_Buta_Ango,Bas-Uele,Buta,Ango,COD_Bas-Uele,COD_Bas-Uele_Buta,COD,BU_ger1bMICqJ,2025,CIESIN,multiple data sources,Bas-Uele_001,12.964858838576525,2.733564871148249,24.745816010000055,3.511699551000049,27.495030216000032,5.392002600000069
COD_Bas-Uele_Buta_Bili,Bas-Uele,Buta,Bili,COD_Bas-Uele,COD_Bas-Uele_Buta,COD,BU_IunRTgW6ml,2025,CIESIN,multiple data sources,Bas-Uele_001,6.865996717804558,1.415292609762522,24.194094156000062,3.401208121000025,25.618817242000034,5.113439100000051
COD_Bas-Uele_Buta_Bondo,Bas-Uele,Buta,Bondo,COD_Bas-Uele,COD_Bas-Uele_Buta,COD,BU_x4ZI1WbGIm,2025,CIESIN,multiple data sources,Bas-Uele_001,5.876366375871455,1.218930294369942,23.202011002000063,3.520889100000034,24.544425925000041,4.958060300000056
COD_Bas-Uele_Buta_Buta,Bas-Uele,Buta,Buta,COD_Bas-Uele,COD_Bas-Uele_Buta,COD,BU_QIRIYrKCq3,2025,CIESIN,multiple data sources,Bas-Uele_001,6.204414927284222,0.805620020216137,24.343395673000032,2.173705890000065,25.717873414000053,3.517868165000039
COD_Bas-Uele_Buta_Ganga,Bas-Uele,Buta,Ganga,COD_Bas-Uele,COD_Bas-Uele_Buta,COD,BU_oXfA9prAW3,2025,CIESIN,multiple data sources,Bas-Uele_001,6.929348231589289,0.744100738417878,25.182871348000049,2.227937070000053,26.491170381000074,3.732089400000064
COD_Bas-Uele_Buta_Likati,Bas-Uele,Buta,Likati,COD_Bas-Uele,COD_Bas-Uele_Buta,COD,BU_NRJ1C7ZHoY,2025,CIESIN,multiple data sources,Bas-Uele_001,6.385517393016710,0.937838945801884,22.614888743000051,2.957243100000028,24.710605407000060,3.771401100000048
COD_Bas-Uele_Buta_Monga,Bas-Uele,Buta,Monga,COD_Bas-Uele,COD_Bas-Uele_Buta,COD,BU_M6BO6oDSW8,2025,CIESIN,multiple data sources,Bas-Uele_001,3.916495710759599,0.548724010449656,22.433400680000034,3.826654381000026,23.343423911000059,4.838929500000063
COD_Bas-Uele_Buta_Poko,Bas-Uele,Buta,Poko,COD_Bas-Uele,COD_Bas-Uele_Buta,COD,BU_uIx35TNmus,2025,CIESIN,multiple data sources,Bas-Uele_001,9.080662762415724,1.544131502584934,26.112038363000067,1.938275500000032,27.366008836000049,4.029518100000075
COD_Bas-Uele_Buta_Titule,Bas-Uele,Buta,Titule,COD_Bas-Uele,COD_Bas-Uele_Buta,COD,BU_rXkhiP5aE3,2025,CIESIN,multiple data sources,Bas-Uele_001,4.948910660765331,0.708232434403727,24.900650841000072,2.303434643000060,25.929008179000050,3.493093450000060
COD_Bas-Uele_Buta_Viadana,Bas-Uele,Buta,Viadana,COD_Bas-Uele,COD_Bas-Uele_Buta,COD,BU_Cvsrm8AwFJ,2025,CIESIN,multiple data sources,Bas-Uele_001,3.912808593144451,0.307413256499316,26.902588611000056,2.714605299000027,27.727933687000075,3.326377800000046
COD_Equateur_Mbandaka_Basankusu,Equateur,Mbandaka,Basankusu,COD_Equateur,COD_Equateur_Mbandaka,COD,rxk1YvYKi7j,2025,CIESIN GRID3,multiple data sources,Equateur_001,5.351270819252637,0.893863478168716,19.191185677000078,0.295537576000072,20.483933922000062,1.651007907000064
COD_Equateur_Mbandaka_Bikoro,Equateur,Mbandaka,Bikoro,COD_Equateur,COD_Equateur_Mbandaka,COD,NMRFBOfk41A,2025,CIESIN GRID3,multiple data sources,Equateur_001,3.375412421477647,0.320930494709316,17.759753542000055,-0.893266809999943,18.577090383000041,-0.089449218999960
COD_Equateur_Mbandaka_Bolenge,Equateur,Mbandaka,Bolenge,COD_Equateur,COD_Equateur_Mbandaka,COD,MMnBp2lllhf,2025,CIESIN GRID3,multiple data sources,Equateur_001,2.807572380165196,0.119600130714307,17.773461755000028,-0.505758505999950,18.380311382000059,0.061008698000023
COD_Equateur_Mbandaka_Bolomba,Equateur,Mbandaka,Bolomba,COD_Equateur,COD_Equateur_Mbandaka,COD,lW6uPgrLYfi,2025,CIESIN GRID3,multiple data sources,Equateur_001,6.549520099932135,1.067203410786999,18.433485184000062,-0.312766845999931,19.765000115000078,1.346974622000062
COD_Equateur_Mbandaka_Bomongo,Equateur,Mbandaka,Bomongo,COD_Equateur,COD_Equateur_Mbandaka,COD,dseqqnd0Nuw,2025,CIESIN GRID3,multiple data sources,Equateur_001,4.544315268124222,0.737416325759345,17.838281606000066,0.626556235000066,18.891734290000045,2.022581565000053
COD_Equateur_Mbandaka_Djombo,Equateur,Mbandaka,Djombo,COD_Equateur,COD_Equateur_Mbandaka,COD,gcWEhRl00iJ,2025,CIESIN GRID3,multiple data sources,Equateur_001,3.397372479272585,0.354727529364132,19.789672552000070,1.082962924000071,20.781688590000044,1.674470518000021
COD_Equateur_Mbandaka_Iboko,Equateur,Mbandaka,Iboko,COD_Equateur,COD_Equateur_Mbandaka,COD,QltsFPvfG7J,2025,CIESIN GRID3,multiple data sources,Equateur_001,2.825703274117920,0.239975470758724,18.227224246000048,-1.229951496999945,18.895481325000048,-0.568093600999930
COD_Equateur_Mbandaka_Ingende,Equateur,Mbandaka,Ingende,COD_Equateur,COD_Equateur_Mbandaka,COD,ER2ozdS2Ysm,2025,CIESIN GRID3,multiple data sources,Equateur_001,3.870504896147151,0.471171329438489,18.408980605000067,-0.856735970999978,19.282028630000070,0.059094486000049
COD_Equateur_Mbandaka_Irebu,Equateur,Mbandaka,Irebu,COD_Equateur,COD_Equateur_Mbandaka,COD,p40o8g3kdQL,2025,CIESIN GRID3,multiple data sources,Equateur_001,2.404319527617781,0.190627231223264,17.393184326000039,-1.190383410999971,17.946505905000038,-0.409994950999931
COD_Equateur_Mbandaka_Lilanga-Bobangi,Equateur,Mbandaka,Lilanga Bobangi,COD_Equateur,COD_Equateur_Mbandaka,COD,N1S6mK9QTE5,2025,CIESIN GRID3,multiple data sources,Equateur_001,5.078880783114920,0.429720181505730,17.645557159000077,-0.504034223999952,18.358956567000064,0.944269856000062
COD_Equateur_Mbandaka_Lotumbe,Equateur,Mbandaka,Lotumbe,COD_Equateur,COD_Equateur_Mbandaka,COD,CeO42blQ92C,2025,CIESIN GRID3,multiple data sources,Equateur_001,5.529950705525099,0.808929354766239,19.138832526000044,-1.370187889999954,20.368566400000077,-0.220356026999980
COD_Equateur_Mbandaka_Lukolela,Equateur,Mbandaka,Lukolela,COD_Equateur,COD_Equateur_Mbandaka,COD,hH0vfyk0M5B,2025,CIESIN GRID3,multiple data sources,Equateur_001,4.064272724009535,0.567359126121683,16.598356035000052,-2.040874182999971,17.642397322000022,-0.905958025999951
COD_Equateur_Mbandaka_Makanza,Equateur,Mbandaka,Makanza,COD_Equateur,COD_Equateur_Mbandaka,COD,nXXpnAQ8M3v,2025,CIESIN GRID3,multiple data sources,Equateur_001,5.347052311182727,0.700067761677916,18.232869995000044,0.786823309000056,19.897085004000076,2.126394685000037
COD_Equateur_Mbandaka_Mampoko,Equateur,Mbandaka,Mampoko,COD_Equateur,COD_Equateur_Mbandaka,COD,pBzecjfopeA,2025,CIESIN GRID3,multiple data sources,Equateur_001,4.164858606683497,0.356770360414786,18.241447373000028,0.083705094000038,19.223359928000036,1.244390595000027
COD_Equateur_Mbandaka_Mbandaka,Equateur,Mbandaka,Mbandaka,COD_Equateur,COD_Equateur_Mbandaka,COD,DmRUZqBRNzB,2025,CIESIN GRID3,multiple data sources,Equateur_001,2.469051314906298,0.123467830809799,18.203761463000035,-0.123512524999967,18.675416659000064,0.664225818000034
COD_Equateur_Mbandaka_Monieka,Equateur,Mbandaka,Monieka,COD_Equateur,COD_Equateur_Mbandaka,COD,FXSygz18Lfk,2025,CIESIN GRID3,multiple data sources,Equateur_001,4.440072631557556,0.582454427567846,19.374216887000046,-0.349423120999973,20.622872723000057,0.405292562000056
COD_Equateur_Mbandaka_Ntondo,Equateur,Mbandaka,Ntondo,COD_Equateur,COD_Equateur_Mbandaka,COD,Tt7ZtAGLNOp,2025,CIESIN GRID3,multiple data sources,Equateur_001,3.024165335276387,0.264494134605949,17.536931736000042,-1.482414140999936,18.351375691000044,-0.707666869999969
COD_Equateur_Mbandaka_Wangata,Equateur,Mbandaka,Wangata,COD_Equateur,COD_Equateur_Mbandaka,COD,J0LvPM9HPVN,2025,CIESIN GRID3,multiple data sources,Equateur_001,0.894413679120920,0.016181898844612,18.157000065000034,0.004207328000064,18.274487974000067,0.323695710000038
COD_Haut-Katanga_Likasi_Kambove,Haut-Katanga,Likasi,Kambove,COD_Haut-Katanga,COD_Haut-Katanga_Likasi,COD,NR5cDy2jhiJ,2024,CIESIN GRID3,multiple data sources,Haut-Katanga_001,3.491850553552267,0.218329258679828,26.338079159000074,-11.190027655999927,27.110530404000031,-10.488149083999929
COD_Haut-Katanga_Likasi_Kapolowe,Haut-Katanga,Likasi,Kapolowe,COD_Haut-Katanga,COD_Haut-Katanga_Likasi,COD,bAFJ18IAf2S,2024,CIESIN GRID3,multiple data sources,Haut-Katanga_001,4.925083537318242,0.458772521004421,26.650100570000063,-11.538221514999975,27.532352974000048,-10.561777067999969
COD_Haut-Katanga_Likasi_Kikula,Haut-Katanga,Likasi,Kikula,COD_Haut-Katanga,COD_Haut-Katanga_Likasi,COD,Q22qlkhPQDO,2024,CIESIN GRID3,multiple data sources,Haut-Katanga_001,0.297882531936029,0.003679489997485,26.651650321000034,-10.991079507999928,26.740761615000054,-10.919338576999962
COD_Haut-Katanga_Likasi_Kilela-Balanda,Haut-Katanga,Likasi,Kilela Balanda,COD_Haut-Katanga,COD_Haut-Katanga_Likasi,COD,Kth7MQGYcrE,2024,CIESIN GRID3,multiple data sources,Haut-Katanga_001,8.370469337228483,1.132810159483608,25.486818900000060,-12.009016868999936,27.218331067000065,-10.828028082999936
COD_Haut-Katanga_Likasi_Likasi,Haut-Katanga,Likasi,Likasi,COD_Haut-Katanga,COD_Haut-Katanga_Likasi,COD,fQLRnttyYlx,2024,CIESIN GRID3,multiple data sources,Haut-Katanga_001,0.377151148762631,0.003890880548781,26.714352735000034,-11.015076292999936,26.794685787000049,-10.919017874999952
COD_Haut-Katanga_Likasi_Mitwaba,Haut-Katanga,Likasi,Mitwaba,COD_Haut-Katanga,COD_Haut-Katanga_Likasi,COD,rYWmyhhl1LP,2024,CIESIN GRID3,multiple data sources,Haut-Katanga_001,5.720825286069996,0.799949777858726,26.710749966000037,-9.207718342999954,27.992895576000024,-8.073575940999945
COD_Haut-Katanga_Likasi_Mufunga-Sampwe,Haut-Katanga,Likasi,Mufunga Sampwe,COD_Haut-Katanga,COD_Haut-Katanga_Likasi,COD,qzQdkny6PZ4,2024,CIESIN GRID3,multiple data sources,Haut-Katanga_001,7.104962824144805,1.281935792986766,26.330720619000033,-10.147250957999972,27.968385716000057,-8.847407255999940
COD_Haut-Katanga_Likasi_Panda,Haut-Katanga,Likasi,Panda,COD_Haut-Katanga,COD_Haut-Katanga_Likasi,COD,EofZhh5yYMG,2024,CIESIN GRID3,multiple data sources,Haut-Katanga_001,1.081912462294295,0.013017166674977,26.634490011000025,-11.045971612999949,26.893486232000043,-10.940901825999958
COD_Haut-Katanga_Lubumbashi_Kafubu,Haut-Katanga,Lubumbashi,Kafubu,COD_Haut-Katanga,COD_Haut-Katanga_Lubumbashi,COD,GpdRlogsSiE,2024,CIESIN GRID3,multiple data sources,Haut-Katanga_001,5.638562955229997,0.637096821049602,27.532588514000054,-12.095572503999961,28.518030931000055,-10.957375629999945
COD_Haut-Katanga_Lubumbashi_Kamalondo,Haut-Katanga,Lubumbashi,Kamalondo,COD_Haut-Katanga,COD_Haut-Katanga_Lubumbashi,COD,uocpzPZHiEo,2024,CIESIN GRID3,multiple data sources,Haut-Katanga_001,0.065199476331236,0.000113028666189,27.478397301000030,-11.695759130999932,27.491880806000040,-11.674863271999982
COD_Haut-Katanga_Lubumbashi_Kampemba,Haut-Katanga,Lubumbashi,Kampemba,COD_Haut-Katanga,COD_Haut-Katanga_Lubumbashi,COD,zMfBT8xVQeH,2024,CIESIN GRID3,multiple data sources,Haut-Katanga_001,0.335357113521997,0.003664653610202,27.485881032000066,-11.731319516999974,27.561185880000039,-11.651485368999943
COD_Haut-Katanga_Lubumbashi_Kasenga,Haut-Katanga,Lubumbashi,Kasenga,COD_Haut-Katanga,COD_Haut-Katanga_Lubumbashi,COD,Vue5tcMpaGh,2024,CIESIN GRID3,multiple data sources,Haut-Katanga_001,4.529033331008754,0.601949050084718,27.897795759000076,-11.165541886999961,28.695954590000042,-10.004026160999956
COD_Haut-Katanga_Lubumbashi_Kashobwe,Haut-Katanga,Lubumbashi,Kashobwe,COD_Haut-Katanga,COD_Haut-Katanga_Lubumbashi,COD,OcTqzK4K1RV,2024,CIESIN GRID3,multiple data sources,Haut-Katanga_001,4.289105238961492,0.371513003423988,27.848958266000068,-10.247646570999962,28.697029962000045,-9.360778161999974
COD_Haut-Katanga_Lubumbashi_Katuba,Haut-Katanga,Lubumbashi,Katuba,COD_Haut-Katanga,COD_Haut-Katanga_Lubumbashi,COD,nhdQUgOeBQU,2024,CIESIN GRID3,multiple data sources,Haut-Katanga_001,0.122957813936460,0.000577410056795,27.448758933000079,-11.730289814999935,27.483273232000045,-11.697380209999949
COD_Haut-Katanga_Lubumbashi_Kenya,Haut-Katanga,Lubumbashi,Kenya,COD_Haut-Katanga,COD_Haut-Katanga_Lubumbashi,COD,IOin37HS2Wz,2024,CIESIN GRID3,multiple data sources,Haut-Katanga_001,0.514192537382480,0.006536745281830,27.472179574000052,-11.824039417999927,27.573486736000064,-11.688113282999950
COD_Haut-Katanga_Lubumbashi_Kilwa,Haut-Katanga,Lubumbashi,Kilwa,COD_Haut-Katanga,COD_Haut-Katanga_Lubumbashi,COD,iHmCGdXARXG,2024,CIESIN GRID3,multiple data sources,Haut-Katanga_001,6.513078019545538,0.957013691359953,27.564559373000066,-9.772972201999949,28.767636086000039,-8.162042990999964
COD_Haut-Katanga_Lubumbashi_Kipushi,Haut-Katanga,Lubumbashi,Kipushi,COD_Haut-Katanga,COD_Haut-Katanga_Lubumbashi,COD,ZMH0kkBQFs9,2024,CIESIN GRID3,multiple data sources,Haut-Katanga_001,4.218295848758629,0.217217968011066,27.203557672000045,-12.272518160999937,27.763376091000055,-11.241272336999941
COD_Haut-Katanga_Lubumbashi_Kisanga,Haut-Katanga,Lubumbashi,Kisanga,COD_Haut-Katanga,COD_Haut-Katanga_Lubumbashi,COD,QA2FRWLQqWE,2024,CIESIN GRID3,multiple data sources,Haut-Katanga_001,0.650036124270098,0.013304152825035,27.341377196000053,-11.810416383999950,27.498826959000041,-11.683170661999952
COD_Haut-Katanga_Lubumbashi_Kowe,Haut-Katanga,Lubumbashi,Kowe,COD_Haut-Katanga,COD_Haut-Katanga_Lubumbashi,COD,sAsXOxkBdrE,2024,CIESIN GRID3,multiple data sources,Haut-Katanga_001,0.008694956392430,0.000003763719286,27.245837102000053,-11.755463799999973,27.248385211000027,-11.752344780999977
COD_Haut-Katanga_Lubumbashi_Kowe,Haut-Katanga,Lubumbashi,Kowe,COD_Haut-Katanga,COD_Haut-Katanga_Lubumbashi,COD,sAsXOxkBdrE,2024,CIESIN GRID3,multiple data sources,Haut-Katanga_001,0.013599003301785,0.000009371494001,27.243190254000069,-11.752395520999926,27.247977181000067,-11.749511592999966
COD_Haut-Katanga_Lubumbashi_Kowe,Haut-Katanga,Lubumbashi,Kowe,COD_Haut-Katanga,COD_Haut-Katanga_Lubumbashi,COD,sAsXOxkBdrE,2024,CIESIN GRID3,multiple data sources,Haut-Katanga_001,0.003603959284693,0.000000770357424,27.445244850000051,-11.697087295999950,27.446626782000067,-11.696084517999964
COD_Haut-Katanga_Lubumbashi_Kowe,Haut-Katanga,Lubumbashi,Kowe,COD_Haut-Katanga,COD_Haut-Katanga_Lubumbashi,COD,sAsXOxkBdrE,2024,CIESIN GRID3,multiple data sources,Haut-Katanga_001,0.008460646158902,0.000003536403657,27.484946725000043,-11.684365581999941,27.487815078000040,-11.681917609999971
COD_Haut-Katanga_Lubumbashi_Kowe,Haut-Katanga,Lubumbashi,Kowe,COD_Haut-Katanga,COD_Haut-Katanga_Lubumbashi,COD,sAsXOxkBdrE,2024,CIESIN GRID3,multiple data sources,Haut-Katanga_001,0.009281244344529,0.000005456692327,27.504504384000029,-11.660070625999936,27.507412164000073,-11.657553391999954
COD_Haut-Katanga_Lubumbashi_Kowe,Haut-Katanga,Lubumbashi,Kowe,COD_Haut-Katanga,COD_Haut-Katanga_Lubumbashi,COD,sAsXOxkBdrE,2024,CIESIN GRID3,multiple data sources,Haut-Katanga_001,0.013519696024643,0.000009965699866,27.514929761000076,-11.656915090999973,27.517493624000053,-11.651836252999942
COD_Haut-Katanga_Lubumbashi_Kowe,Haut-Katanga,Lubumbashi,Kowe,COD_Haut-Katanga,COD_Haut-Katanga_Lubumbashi,COD,sAsXOxkBdrE,2024,CIESIN GRID3,multiple data sources,Haut-Katanga_001,0.052096744887166,0.000059146757915,27.463997730000074,-11.604032589999974,27.472793765000063,-11.589848714999960
COD_Haut-Katanga_Lubumbashi_Kowe,Haut-Katanga,Lubumbashi,Kowe,COD_Haut-Katanga,COD_Haut-Katanga_Lubumbashi,COD,sAsXOxkBdrE,2024,CIESIN GRID3,multiple data sources,Haut-Katanga_001,0.006796067179906,0.000002918232052,26.725091149000036,-11.021105660999979,26.727064848000055,-11.019318259999977
COD_Haut-Katanga_Lubumbashi_Kowe,Haut-Katanga,Lubumbashi,Kowe,COD_Haut-Katanga,COD_Haut-Katanga_Lubumbashi,COD,sAsXOxkBdrE,2024,CIESIN GRID3,multiple data sources,Haut-Katanga_001,0.004667808123281,0.000001354858020,26.722596412000030,-10.982165250999969,26.723837828000057,-10.980977933999952
COD_Haut-Katanga_Lubumbashi_Kowe,Haut-Katanga,Lubumbashi,Kowe,COD_Haut-Katanga,COD_Haut-Katanga_Lubumbashi,COD,sAsXOxkBdrE,2024,CIESIN GRID3,multiple data sources,Haut-Katanga_001,0.011455554257721,0.000008204858305,26.728158806000067,-10.976300875999925,26.731682456000044,-10.973541888999932
COD_Haut-Katanga_Lubumbashi_Kowe,Haut-Katanga,Lubumbashi,Kowe,COD_Haut-Katanga,COD_Haut-Katanga_Lubumbashi,COD,sAsXOxkBdrE,2024,CIESIN GRID3,multiple data sources,Haut-Katanga_001,0.001833550999756,0.000000198521520,25.480274096000073,-10.754001747999951,25.480898944000046,-10.753579959999968
COD_Haut-Katanga_Lubumbashi_Kowe,Haut-Katanga,Lubumbashi,Kowe,COD_Haut-Katanga,COD_Haut-Katanga_Lubumbashi,COD,sAsXOxkBdrE,2024,CIESIN GRID3,multiple data sources,Haut-Katanga_001,0.001930110921886,0.000000204232286,25.450186519000056,-10.738349249999942,25.450570315000050,-10.737612871999943
COD_Haut-Katanga_Lubumbashi_Kowe,Haut-Katanga,Lubumbashi,Kowe,COD_Haut-Katanga,COD_Haut-Katanga_Lubumbashi,COD,sAsXOxkBdrE,2024,CIESIN GRID3,multiple data sources,Haut-Katanga_001,0.001457614061221,0.000000129119241,25.469583797000041,-10.729479358999981,25.470046721000074,-10.729089195999961
COD_Haut-Katanga_Lubumbashi_Kowe,Haut-Katanga,Lubumbashi,Kowe,COD_Haut-Katanga,COD_Haut-Katanga_Lubumbashi,COD,sAsXOxkBdrE,2024,CIESIN GRID3,multiple data sources,Haut-Katanga_001,0.002456018667021,0.000000368799484,25.486933202000046,-10.726296220999927,25.487804435000044,-10.725491586999965
COD_Haut-Katanga_Lubumbashi_Kowe,Haut-Katanga,Lubumbashi,Kowe,COD_Haut-Katanga,COD_Haut-Katanga_Lubumbashi,COD,sAsXOxkBdrE,2024,CIESIN GRID3,multiple data sources,Haut-Katanga_001,0.003431247654900,0.000000650663181,25.472437924000076,-10.723520433999965,25.473415174000024,-10.722251520999976
COD_Haut-Katanga_Lubumbashi_Kowe,Haut-Katanga,Lubumbashi,Kowe,COD_Haut-Katanga,COD_Haut-Katanga_Lubumbashi,COD,sAsXOxkBdrE,2024,CIESIN GRID3,multiple data sources,Haut-Katanga_001,0.001766400635011,0.000000192359812,25.468635511000059,-10.722193355999934,25.469066594000026,-10.721693171999959
COD_Haut-Katanga_Lubumbashi_Kowe,Haut-Katanga,Lubumbashi,Kowe,COD_Haut-Katanga,COD_Haut-Katanga_Lubumbashi,COD,sAsXOxkBdrE,2024,CIESIN GRID3,multiple data sources,Haut-Katanga_001,0.008818110768047,0.000002393372936,25.484542335000071,-10.723277494999934,25.488065013000039,-10.721690365999962
COD_Haut-Katanga_Lubumbashi_Kowe,Haut-Katanga,Lubumbashi,Kowe,COD_Haut-Katanga,COD_Haut-Katanga_Lubumbashi,COD,sAsXOxkBdrE,2024,CIESIN GRID3,multiple data sources,Haut-Katanga_001,0.001452230692840,0.000000128551468,25.464099378000071,-10.721152919999952,25.464437172000032,-10.720731784999941
COD_Haut-Katanga_Lubumbashi_Kowe,Haut-Katanga,Lubumbashi,Kowe,COD_Haut-Katanga,COD_Haut-Katanga_Lubumbashi,COD,sAsXOxkBdrE,2024,CIESIN GRID3,multiple data sources,Haut-Katanga_001,0.003673355223861,0.000000838782591,25.472805275000042,-10.720775609999976,25.473864295000055,-10.719882823999967
COD_Haut-Katanga_Lubumbashi_Kowe,Haut-Katanga,Lubumbashi,Kowe,COD_Haut-Katanga,COD_Haut-Katanga_Lubumbashi,COD,sAsXOxkBdrE,2024,CIESIN GRID3,multiple data sources,Haut-Katanga_001,0.002959990105701,0.000000546949320,25.500980639000034,-10.717061287999968,25.501895100000070,-10.716157995999936
COD_Haut-Katanga_Lubumbashi_Kowe,Haut-Katanga,Lubumbashi,Kowe,COD_Haut-Katanga,COD_Haut-Katanga_Lubumbashi,COD,sAsXOxkBdrE,2024,CIESIN GRID3,multiple data sources,Haut-Katanga_001,0.002781989056653,0.000000307671070,25.471241941000073,-10.715983724999944,25.472355844000049,-10.715478312999949
COD_Haut-Katanga_Lubumbashi_Kowe,Haut-Katanga,Lubumbashi,Kowe,COD_Haut-Katanga,COD_Haut-Katanga_Lubumbashi,COD,sAsXOxkBdrE,2024,CIESIN GRID3,multiple data sources,Haut-Katanga_001,0.004262291793689,0.000001015390891,25.484858416000066,-10.711260259999960,25.486389017000079,-10.710179403999973
COD_Haut-Katanga_Lubumbashi_Kowe,Haut-Katanga,Lubumbashi,Kowe,COD_Haut-Katanga,COD_Haut-Katanga_Lubumbashi,COD,sAsXOxkBdrE,2024,CIESIN GRID3,multiple data sources,Haut-Katanga_001,0.017805515218897,0.000017133960396,25.473490539000068,-10.706764339999950,25.479837752000037,-10.702520472999936
COD_Haut-Katanga_Lubumbashi_Kowe,Haut-Katanga,Lubumbashi,Kowe,COD_Haut-Katanga,COD_Haut-Katanga_Lubumbashi,COD,sAsXOxkBdrE,2024,CIESIN GRID3,multiple data sources,Haut-Katanga_001,0.030132593419800,0.000045015323287,25.464461825000058,-10.691922488999978,25.475578300000052,-10.686264899999969
COD_Haut-Katanga_Lubumbashi_Lubumbashi,Haut-Katanga,Lubumbashi,Lubumbashi,COD_Haut-Katanga,COD_Haut-Katanga_Lubumbashi,COD,H8vCqAKUlyX,2024,CIESIN GRID3,multiple data sources,Haut-Katanga_001,0.875686421573204,0.011881362348274,27.409863369000050,-11.678796923999926,27.588682239000036,-11.478847375999976
COD_Haut-Katanga_Lubumbashi_Lukafu,Haut-Katanga,Lubumbashi,Lukafu,COD_Haut-Katanga,COD_Haut-Katanga_Lubumbashi,COD,nNFVLFmkaAz,2024,CIESIN GRID3,multiple data sources,Haut-Katanga_001,7.395033123531793,0.992539848637649,27.011431753000068,-11.377959572999941,28.281412020000062,-9.838273845999936
COD_Haut-Katanga_Lubumbashi_Mumbunda,Haut-Katanga,Lubumbashi,Mumbunda,COD_Haut-Katanga,COD_Haut-Katanga_Lubumbashi,COD,QteKQ66ixqO,2024,CIESIN GRID3,multiple data sources,Haut-Katanga_001,0.559858255684223,0.010526039350395,27.327651804000027,-11.705501974999947,27.485345695000035,-11.586109044999944
COD_Haut-Katanga_Lubumbashi_Pweto,Haut-Katanga,Lubumbashi,Pweto,COD_Haut-Katanga,COD_Haut-Katanga_Lubumbashi,COD,fdlN13eHB5u,2024,CIESIN GRID3,multiple data sources,Haut-Katanga_001,5.939683063194876,0.797149401620547,28.371399297000039,-8.664023845999964,29.742383158000052,-7.611719151999978
COD_Haut-Katanga_Lubumbashi_Ruashi,Haut-Katanga,Lubumbashi,Ruashi,COD_Haut-Katanga,COD_Haut-Katanga_Lubumbashi,COD,YFSLTwHFlOk,2024,CIESIN GRID3,multiple data sources,Haut-Katanga_001,0.580146022111362,0.009070170467619,27.513742989000036,-11.712963078999962,27.651120712000079,-11.569947496999930
COD_Haut-Katanga_Lubumbashi_Sakania,Haut-Katanga,Lubumbashi,Sakania,COD_Haut-Katanga,COD_Haut-Katanga_Lubumbashi,COD,CSwaGvyMS6Z,2024,CIESIN GRID3,multiple data sources,Haut-Katanga_001,8.689602628813029,1.637272709329674,27.672689277000075,-13.455995875999974,29.810976776000075,-11.879598772999941
COD_Haut-Katanga_Lubumbashi_Tshamilemba,Haut-Katanga,Lubumbashi,Tshamilemba,COD_Haut-Katanga,COD_Haut-Katanga_Lubumbashi,COD,BdGu22qs6aS,2024,CIESIN GRID3,multiple data sources,Haut-Katanga_001,0.209602608857239,0.001564330761257,27.485560100000043,-11.663081108999961,27.529024222000032,-11.598004830999969
COD_Haut-Katanga_Lubumbashi_Vangu,Haut-Katanga,Lubumbashi,Vangu,COD_Haut-Katanga,COD_Haut-Katanga_Lubumbashi,COD,uIuYpiQm6m8,2024,CIESIN GRID3,multiple data sources,Haut-Katanga_001,0.027524050254424,0.000033536908952,27.256316399000070,-11.765220105999958,27.264627178000069,-11.758976213999972
COD_Haut-Katanga_Lubumbashi_Vangu,Haut-Katanga,Lubumbashi,Vangu,COD_Haut-Katanga,COD_Haut-Katanga_Lubumbashi,COD,uIuYpiQm6m8,2024,CIESIN GRID3,multiple data sources,Haut-Katanga_001,0.039584898958052,0.000058887010873,27.267853610000031,-11.757067891999952,27.283177239000054,-11.748514520999947
COD_Haut-Katanga_Lubumbashi_Vangu,Haut-Katanga,Lubumbashi,Vangu,COD_Haut-Katanga,COD_Haut-Katanga_Lubumbashi,COD,uIuYpiQm6m8,2024,CIESIN GRID3,multiple data sources,Haut-Katanga_001,0.004596948446544,0.000001278724501,27.497383941000066,-11.687778588999947,27.498630229000071,-11.686051641999939
COD_Haut-Katanga_Lubumbashi_Vangu,Haut-Katanga,Lubumbashi,Vangu,COD_Haut-Katanga,COD_Haut-Katanga_Lubumbashi,COD,uIuYpiQm6m8,2024,CIESIN GRID3,multiple data sources,Haut-Katanga_001,0.030352368199695,0.000047289684511,27.490775708000058,-11.682234261999952,27.496427894000078,-11.670422338999970
COD_Haut-Katanga_Lubumbashi_Vangu,Haut-Katanga,Lubumbashi,Vangu,COD_Haut-Katanga,COD_Haut-Katanga_Lubumbashi,COD,uIuYpiQm6m8,2024,CIESIN GRID3,multiple data sources,Haut-Katanga_001,0.008307568109947,0.000004311953341,27.470565022000073,-11.661772503999941,27.473353520000046,-11.658951772999956
COD_Haut-Katanga_Lubumbashi_Vangu,Haut-Katanga,Lubumbashi,Vangu,COD_Haut-Katanga,COD_Haut-Katanga_Lubumbashi,COD,uIuYpiQm6m8,2024,CIESIN GRID3,multiple data sources,Haut-Katanga_001,0.005201894998721,0.000001730549181,27.464203888000043,-11.655446927999947,27.465953803000048,-11.654197547999956
COD_Haut-Katanga_Lubumbashi_Vangu,Haut-Katanga,Lubumbashi,Vangu,COD_Haut-Katanga,COD_Haut-Katanga_Lubumbashi,COD,uIuYpiQm6m8,2024,CIESIN GRID3,multiple data sources,Haut-Katanga_001,0.007691009349021,0.000003158797123,27.486682302000077,-11.643144170999960,27.488064220000069,-11.640064091999932
COD_Haut-Katanga_Lubumbashi_Vangu,Haut-Katanga,Lubumbashi,Vangu,COD_Haut-Katanga,COD_Haut-Katanga_Lubumbashi,COD,uIuYpiQm6m8,2024,CIESIN GRID3,multiple data sources,Haut-Katanga_001,0.011832199890688,0.000007990346242,27.485493537000025,-11.623848582999926,27.489895054000044,-11.620163439999942
COD_Haut-Katanga_Lubumbashi_Vangu,Haut-Katanga,Lubumbashi,Vangu,COD_Haut-Katanga,COD_Haut-Katanga_Lubumbashi,COD,uIuYpiQm6m8,2024,CIESIN GRID3,multiple data sources,Haut-Katanga_001,0.026161464368346,0.000036619450820,27.467556936000051,-11.606143851999946,27.475777190000031,-11.599613308999949
COD_Haut-Katanga_Lubumbashi_Vangu,Haut-Katanga,Lubumbashi,Vangu,COD_Haut-Katanga,COD_Haut-Katanga_Lubumbashi,COD,uIuYpiQm6m8,2024,CIESIN GRID3,multiple data sources,Haut-Katanga_001,0.011383549299814,0.000005805797892,27.492191159000072,-11.581536771999936,27.496150310000075,-11.578722669999934
COD_Haut-Katanga_Lubumbashi_Vangu,Haut-Katanga,Lubumbashi,Vangu,COD_Haut-Katanga,COD_Haut-Katanga_Lubumbashi,COD,uIuYpiQm6m8,2024,CIESIN GRID3,multiple data sources,Haut-Katanga_001,0.031211749832007,0.000033939354120,27.475244392000036,-11.562298322999936,27.483362639000063,-11.552482534999967
COD_Haut-Katanga_Lubumbashi_Vangu,Haut-Katanga,Lubumbashi,Vangu,COD_Haut-Katanga,COD_Haut-Katanga_Lubumbashi,COD,uIuYpiQm6m8,2024,CIESIN GRID3,multiple data sources,Haut-Katanga_001,0.164820071058931,0.000631276144856,26.664990706000026,-11.038547010999935,26.706620321000059,-11.003082664999965
COD_Haut-Katanga_Lubumbashi_Vangu,Haut-Katanga,Lubumbashi,Vangu,COD_Haut-Katanga,COD_Haut-Katanga_Lubumbashi,COD,uIuYpiQm6m8,2024,CIESIN GRID3,multiple data sources,Haut-Katanga_001,0.067060091465077,0.000216361203546,26.785679201000050,-11.011429957999951,26.804874010000049,-10.994282587999976
COD_Haut-Katanga_Lubumbashi_Vangu,Haut-Katanga,Lubumbashi,Vangu,COD_Haut-Katanga,COD_Haut-Katanga_Lubumbashi,COD,uIuYpiQm6m8,2024,CIESIN GRID3,multiple data sources,Haut-Katanga_001,0.032006266944093,0.000044494805555,26.672437542000068,-10.988706802999957,26.683544027000039,-10.977837607999959
COD_Haut-Katanga_Lubumbashi_Vangu,Haut-Katanga,Lubumbashi,Vangu,COD_Haut-Katanga,COD_Haut-Katanga_Lubumbashi,COD,uIuYpiQm6m8,2024,CIESIN GRID3,multiple data sources,Haut-Katanga_001,0.020127517744785,0.000019181515269,26.731505058000039,-10.979732370999955,26.734919388000037,-10.971770760999959
COD_Haut-Katanga_Lubumbashi_Vangu,Haut-Katanga,Lubumbashi,Vangu,COD_Haut-Katanga,COD_Haut-Katanga_Lubumbashi,COD,uIuYpiQm6m8,2024,CIESIN GRID3,multiple data sources,Haut-Katanga_001,0.067714936361286,0.000175786227659,27.226885848000052,-10.767657747999976,27.243534550000049,-10.750465602999952
COD_Haut-Katanga_Lubumbashi_Vangu,Haut-Katanga,Lubumbashi,Vangu,COD_Haut-Katanga,COD_Haut-Katanga_Lubumbashi,COD,uIuYpiQm6m8,2024,CIESIN GRID3,multiple data sources,Haut-Katanga_001,0.003122366955007,0.000000584653336,25.498821721000070,-10.716316506999931,25.499619469000038,-10.715244447999964
COD_Haut-Katanga_Lubumbashi_Vangu,Haut-Katanga,Lubumbashi,Vangu,COD_Haut-Katanga,COD_Haut-Katanga_Lubumbashi,COD,uIuYpiQm6m8,2024,CIESIN GRID3,multiple data sources,Haut-Katanga_001,0.040211099909603,0.000034995644461,25.502389270000037,-10.719443914999943,25.510873396000079,-10.709354886999961
COD_Haut-Katanga_Lubumbashi_Vangu,Haut-Katanga,Lubumbashi,Vangu,COD_Haut-Katanga,COD_Haut-Katanga_Lubumbashi,COD,uIuYpiQm6m8,2024,CIESIN GRID3,multiple data sources,Haut-Katanga_001,0.034854533408331,0.000051547216210,25.463685757000064,-10.518755128999942,25.475218319000078,-10.509367554999926
COD_Haut-Katanga_Lubumbashi_Vangu,Haut-Katanga,Lubumbashi,Vangu,COD_Haut-Katanga,COD_Haut-Katanga_Lubumbashi,COD,uIuYpiQm6m8,2024,CIESIN GRID3,multiple data sources,Haut-Katanga_001,0.036431541450054,0.000061861089107,25.411862618000043,-10.306123184999933,25.422009191000029,-10.296034045999932
COD_Haut-Lomami_Kabondo-Dianda_Bukama,Haut-Lomami,Kabondo Dianda,Bukama,COD_Haut-Lomami,COD_Haut-Lomami_Kabondo-Dianda,COD,glucPFMOELN,2025,CIESIN GRID3,multiple data sources,Haut-Lomami_001,3.644956858176254,0.419745543937470,25.497261915000024,-9.727917063999939,26.440391821000048,-8.844881488999931
COD_Haut-Lomami_Kabondo-Dianda_Butumba,Haut-Lomami,Kabondo Dianda,Butumba,COD_Haut-Lomami,COD_Haut-Lomami_Kabondo-Dianda,COD,FWbGIJwFtFw,2025,CIESIN GRID3,multiple data sources,Haut-Lomami_001,3.376547655579932,0.408152562038010,26.043980448000070,-9.486216358999968,26.777358850000041,-8.462460272999976
COD_Haut-Lomami_Kabondo-Dianda_Kabondo-Dianda,Haut-Lomami,Kabondo Dianda,Kabondo Dianda,COD_Haut-Lomami,COD_Haut-Lomami_Kabondo-Dianda,COD,BU8zas1K8mi,2025,CIESIN GRID3,multiple data sources,Haut-Lomami_001,3.269330065066047,0.356281319269224,25.494648723000068,-9.174637578999977,26.271962480000070,-8.288947024999970
COD_Haut-Lomami_Kabondo-Dianda_Kinkondja,Haut-Lomami,Kabondo Dianda,Kinkondja,COD_Haut-Lomami,COD_Haut-Lomami_Kabondo-Dianda,COD,qZdoTKoMddO,2025,CIESIN GRID3,multiple data sources,Haut-Lomami_001,3.911933323184884,0.359357143690345,25.827999376000037,-8.721985897999957,26.863639382000031,-7.979422556999964
COD_Haut-Lomami_Kabondo-Dianda_Lwamba,Haut-Lomami,Kabondo Dianda,Lwamba,COD_Haut-Lomami,COD_Haut-Lomami_Kabondo-Dianda,COD,QZr08cvgmWI,2025,CIESIN GRID3,multiple data sources,Haut-Lomami_001,3.536902116702837,0.381232743470106,26.004531224000061,-8.137407303999964,26.841106379000053,-7.355172959999948
COD_Haut-Lomami_Kabondo-Dianda_Malemba-Nkulu,Haut-Lomami,Kabondo Dianda,Malemba Nkulu,COD_Haut-Lomami,COD_Haut-Lomami_Kabondo-Dianda,COD,N3b4xbGIP6r,2025,CIESIN GRID3,multiple data sources,Haut-Lomami_001,1.939057502125507,0.156801494579682,26.344899289000068,-8.137663315999930,26.994515836000062,-7.717711000999941
COD_Haut-Lomami_Kabondo-Dianda_Mukanga,Haut-Lomami,Kabondo Dianda,Mukanga,COD_Haut-Lomami,COD_Haut-Lomami_Kabondo-Dianda,COD,XdR0dqdFNt4,2025,CIESIN GRID3,multiple data sources,Haut-Lomami_001,3.872212428324158,0.335284096958101,26.544009240000037,-8.776617722999958,27.479859531000045,-7.846222646999934
COD_Haut-Lomami_Kabondo-Dianda_Mulongo,Haut-Lomami,Kabondo Dianda,Mulongo,COD_Haut-Lomami,COD_Haut-Lomami_Kabondo-Dianda,COD,hdDyVXgN46J,2025,CIESIN GRID3,multiple data sources,Haut-Lomami_001,4.020550740292035,0.349383166643889,26.798051903000044,-8.199606321999966,27.856542249000029,-7.486034758999949
COD_Haut-Lomami_Kamina_Baka,Haut-Lomami,Kamina,Baka,COD_Haut-Lomami,COD_Haut-Lomami_Kamina,COD,OyzUIt0IaeY,2025,CIESIN GRID3,multiple data sources,Haut-Lomami_001,0.047699870702088,0.000139636667907,25.010236879000047,-8.731960701999981,25.026283167000031,-8.719183059999978
COD_Haut-Lomami_Kamina_Baka,Haut-Lomami,Kamina,Baka,COD_Haut-Lomami,COD_Haut-Lomami_Kamina,COD,OyzUIt0IaeY,2025,CIESIN GRID3,multiple data sources,Haut-Lomami_001,0.572569008623444,0.016052879806710,25.123683892000031,-8.724467733999973,25.300796622000064,-8.563814565999962
COD_Haut-Lomami_Kamina_Kabongo,Haut-Lomami,Kamina,Kabongo,COD_Haut-Lomami,COD_Haut-Lomami_Kamina,COD,kWcBPRsa7lA,2025,CIESIN GRID3,multiple data sources,Haut-Lomami_001,6.036134123994193,0.779037924209819,25.037682586000074,-8.042607214999975,26.130090431000042,-6.731611916999952
COD_Haut-Lomami_Kamina_Kamina,Haut-Lomami,Kamina,Kamina,COD_Haut-Lomami,COD_Haut-Lomami_Kamina,COD,T0YXktZkPCF,2025,CIESIN GRID3,multiple data sources,Haut-Lomami_001,6.511662181339438,0.801717376566020,24.022541188000048,-9.166408385999944,25.715520470000058,-8.377332071999945
COD_Haut-Lomami_Kamina_Kaniama,Haut-Lomami,Kamina,Kaniama,COD_Haut-Lomami,COD_Haut-Lomami_Kamina,COD,guov7iiEM6c,2025,CIESIN GRID3,multiple data sources,Haut-Lomami_001,7.073346058558977,1.089887719949847,23.634374761000061,-8.840938220999931,24.672481764000054,-6.901683110999954
COD_Haut-Lomami_Kamina_Kayamba,Haut-Lomami,Kamina,Kayamba,COD_Haut-Lomami,COD_Haut-Lomami_Kamina,COD,RonTeRt1of5,2025,CIESIN GRID3,multiple data sources,Haut-Lomami_001,3.493256256243391,0.240937606925134,24.601036883000063,-7.262984545999927,25.304847414000051,-6.622479535999958
COD_Haut-Lomami_Kamina_Kinda,Haut-Lomami,Kamina,Kinda,COD_Haut-Lomami,COD_Haut-Lomami_Kamina,COD,i1aUdilicx5,2025,CIESIN GRID3,multiple data sources,Haut-Lomami_001,6.722425978562041,1.317462296966925,24.016666607000047,-10.123997386999974,25.656076782000071,-8.861495420999972
COD_Haut-Lomami_Kamina_Kitenge,Haut-Lomami,Kamina,Kitenge,COD_Haut-Lomami,COD_Haut-Lomami_Kamina,COD,mSpktJNvGmQ,2025,CIESIN GRID3,multiple data sources,Haut-Lomami_001,6.066124230386592,0.688703897380162,25.272710953000058,-7.423311608999938,26.423240930000077,-6.174958805999950
COD_Haut-Lomami_Kamina_Songa,Haut-Lomami,Kamina,Songa,COD_Haut-Lomami,COD_Haut-Lomami_Kamina,COD,cgc7FkCPcKb,2025,CIESIN GRID3,multiple data sources,Haut-Lomami_001,7.949048245569077,1.261822290233177,24.340125738000040,-8.622437740999942,25.933452563000060,-7.126915714999939
COD_Haut-Uele_Isiro_Aba,Haut-Uele,Isiro,Aba,COD_Haut-Uele,COD_Haut-Uele_Isiro,COD,HU_8tDUOqw2rG,2025,CIESIN,multiple data sources,Haut-Uele_001,3.884056742608080,0.273718834341621,29.892659596000044,3.288575400000070,30.578780300000062,4.213371900000027
COD_Haut-Uele_Isiro_Boma-Mangbetu,Haut-Uele,Isiro,Boma Mangbetu,COD_Haut-Uele,COD_Haut-Uele_Isiro,COD,HU_4tjl3IRnb4,2025,CIESIN,multiple data sources,Haut-Uele_001,2.134752121493776,0.124213789675912,27.586143876000051,1.868732974000068,27.956889100000069,2.471240530000046
COD_Haut-Uele_Isiro_Doruma,Haut-Uele,Isiro,Doruma,COD_Haut-Uele,COD_Haut-Uele_Isiro,COD,HU_CRsa2F8I9k,2025,CIESIN,multiple data sources,Haut-Uele_001,8.333212872099729,1.089976790340015,26.944465768000043,3.780402976000062,28.651353475000064,5.209520600000076
COD_Haut-Uele_Isiro_Dungu,Haut-Uele,Isiro,Dungu,COD_Haut-Uele,COD_Haut-Uele_Isiro,COD,HU_qJrzPxMhiB,2025,CIESIN,multiple data sources,Haut-Uele_001,9.542185674316540,1.537468952723265,28.042490700000030,2.807823900000074,29.828600700000038,4.696877500000028
COD_Haut-Uele_Isiro_Faradje,Haut-Uele,Isiro,Faradje,COD_Haut-Uele,COD_Haut-Uele_Isiro,COD,HU_jKJ6SVmSlR,2025,CIESIN,multiple data sources,Haut-Uele_001,5.948478299927359,0.477954023484061,29.216830700000060,3.259377600000050,30.222150935000059,4.366901663000021
COD_Haut-Uele_Isiro_Gombari,Haut-Uele,Isiro,Gombari,COD_Haut-Uele,COD_Haut-Uele_Isiro,COD,HU_Ejhh9ORsiq,2025,CIESIN,multiple data sources,Haut-Uele_001,5.601704141421193,0.731432939922578,28.277724543000033,2.231553603000066,29.512860800000055,3.480792838000070
COD_Haut-Uele_Isiro_Isiro,Haut-Uele,Isiro,Isiro,COD_Haut-Uele,COD_Haut-Uele_Isiro,COD,HU_MW2Rp9DBQz,2025,CIESIN,multiple data sources,Haut-Uele_001,3.328896855318821,0.265114860563064,26.929678148000050,2.132815100000073,27.707248322000055,2.865984407000042
COD_Haut-Uele_Isiro_Niangara,Haut-Uele,Isiro,Niangara,COD_Haut-Uele,COD_Haut-Uele_Isiro,COD,HU_Ot4YDRkZjT,2025,CIESIN,multiple data sources,Haut-Uele_001,6.473054829941049,0.793489052062659,27.244258375000072,2.935600500000021,28.547657123000079,4.050590758000055
COD_Haut-Uele_Isiro_Pawa,Haut-Uele,Isiro,Pawa,COD_Haut-Uele,COD_Haut-Uele_Isiro,COD,HU_wc0uWanbb2,2025,CIESIN,multiple data sources,Haut-Uele_001,2.641801817407742,0.149489614884434,27.288863504000062,1.992111800000032,27.845000095000046,2.661251603000039
COD_Haut-Uele_Isiro_Rungu,Haut-Uele,Isiro,Rungu,COD_Haut-Uele,COD_Haut-Uele_Isiro,COD,HU_3c40JIFcIv,2025,CIESIN,multiple data sources,Haut-Uele_001,4.813320161240165,0.401556096269810,27.542427402000044,2.348753707000071,28.505703900000071,3.312082500000031
COD_Haut-Uele_Isiro_Wamba,Haut-Uele,Isiro,Wamba,COD_Haut-Uele,COD_Haut-Uele_Isiro,COD,HU_TdjRjkMPMy,2025,CIESIN,multiple data sources,Haut-Uele_001,7.332371034814107,0.553742158053914,27.035930500000063,1.535407358000043,28.368501401000060,2.749640456000066
COD_Haut-Uele_Watsa_Makoro,Haut-Uele,Watsa,Makoro,COD_Haut-Uele,COD_Haut-Uele_Watsa,COD,HU_j5bnGFLmqp,2025,CIESIN,multiple data sources,Haut-Uele_001,3.888700482504393,0.325480638547396,29.666776700000071,2.589880701000027,30.390089742000043,3.392710500000021
COD_Haut-Uele_Watsa_Watsa,Haut-Uele,Watsa,Watsa,COD_Haut-Uele,COD_Haut-Uele_Watsa,COD,HU_5nN79QqhTh,2025,CIESIN,multiple data sources,Haut-Uele_001,5.838712484242041,0.584375558608717,29.218436400000030,2.055439500000034,30.200324963000071,3.351813400000026
COD_Ituri_Aru_Adi,Ituri,Aru,Adi,COD_Ituri,COD_Ituri_Aru,COD,QAjDPUD5eCo,2024,CIESIN GRID3,multiple data sources,Ituri_001,1.972255491890659,0.087743297700645,30.542886668000051,3.277399813000045,30.943946399000026,3.683436000000029
COD_Ituri_Aru_Adja,Ituri,Aru,Adja,COD_Ituri,COD_Ituri_Aru,COD,CLboGR4F3lj,2024,CIESIN GRID3,multiple data sources,Ituri_001,1.758123793264817,0.057299328720362,30.310667203000037,2.898816394000050,30.748805804000028,3.223682476000022
COD_Ituri_Aru_Angumu,Ituri,Aru,Angumu,COD_Ituri,COD_Ituri_Aru,COD,yKlg7zZ2xlH,2024,CIESIN GRID3,multiple data sources,Ituri_001,0.939900565447427,0.020119398421362,30.909943000000055,1.902784699000051,31.180147400000067,2.109479879000048
COD_Ituri_Aru_Ariwara,Ituri,Aru,Ariwara,COD_Ituri,COD_Ituri_Aru,COD,fM8IqjhdeyL,2024,CIESIN GRID3,multiple data sources,Ituri_001,1.666763561677881,0.054189638326977,30.607907172000068,2.995181822000063,30.907367700000066,3.395899900000074
COD_Ituri_Aru_Aru,Ituri,Aru,Aru,COD_Ituri,COD_Ituri_Aru,COD,v8PqffapuVl,2024,CIESIN GRID3,multiple data sources,Ituri_001,1.675678401677186,0.079042570170423,30.548276600000065,2.633257900000046,30.890147100000036,3.025239180000028
COD_Ituri_Aru_Aungba,Ituri,Aru,Aungba,COD_Ituri,COD_Ituri_Aru,COD,DFcltLEKLxj,2024,CIESIN GRID3,multiple data sources,Ituri_001,3.043658447336424,0.103057456161299,30.324368500000048,2.306514964000030,30.809213827000065,2.891498800000022
COD_Ituri_Aru_Biringi,Ituri,Aru,Biringi,COD_Ituri,COD_Ituri_Aru,COD,yS0pmMtanuT,2024,CIESIN GRID3,multiple data sources,Ituri_001,3.648487968581520,0.178717404463309,30.127428043000066,2.377205177000064,30.611201700000038,3.077729125000076
COD_Ituri_Aru_Kambala,Ituri,Aru,Kambala,COD_Ituri,COD_Ituri_Aru,COD,SkEKQLSulmp,2024,CIESIN GRID3,multiple data sources,Ituri_001,2.569627398673507,0.100852999712751,30.185816299000066,2.122732214000052,30.775757031000069,2.519025592000048
COD_Ituri_Aru_Laybo,Ituri,Aru,Laybo,COD_Ituri,COD_Ituri_Aru,COD,n1N4M95juaC,2024,CIESIN GRID3,multiple data sources,Ituri_001,2.466805862397013,0.109250755605823,30.336988300000030,3.071182501000067,30.694983182000044,3.621392314000047
COD_Ituri_Aru_Logo,Ituri,Aru,Logo,COD_Ituri,COD_Ituri_Aru,COD,qqGoQGSp1Dw,2024,CIESIN GRID3,multiple data sources,Ituri_001,1.387352521502301,0.031660623362694,30.795700308000050,2.011405264000075,31.037148524000031,2.304291866000028
COD_Ituri_Aru_Mahagi,Ituri,Aru,Mahagi,COD_Ituri,COD_Ituri_Aru,COD,seNn0NUsKYn,2024,CIESIN GRID3,multiple data sources,Ituri_001,1.448174465420108,0.030216646997474,30.762707234000061,2.188724015000048,31.099130600000024,2.426982600000031
COD_Ituri_Aru_Nyarambe,Ituri,Aru,Nyarambe,COD_Ituri,COD_Ituri_Aru,COD,gyRgzU4sTgY,2024,CIESIN GRID3,multiple data sources,Ituri_001,1.164489954277636,0.039338959626129,30.977984596000056,2.066629600000056,31.277242200000046,2.293215700000076
COD_Ituri_Aru_Rimba,Ituri,Aru,Rimba,COD_Ituri,COD_Ituri_Aru,COD,a2aJcbwnjoK,2024,CIESIN GRID3,multiple data sources,Ituri_001,1.466194485339159,0.038002308241860,30.610310700000070,2.092014800000072,30.887001078000026,2.335165886000027
COD_Ituri_Bunia_Bambu,Ituri,Bunia,Bambu,COD_Ituri,COD_Ituri_Bunia,COD,Uc3GqWS8C0w,2024,CIESIN GRID3,multiple data sources,Ituri_001,1.661218390707242,0.037673189220800,30.126866589000031,1.653048697000031,30.323750000000075,2.043070276000037
COD_Ituri_Bunia_Boga,Ituri,Bunia,Boga,COD_Ituri,COD_Ituri_Bunia,COD,rLadlFjzCh7,2024,CIESIN GRID3,multiple data sources,Ituri_001,2.340340601644947,0.080043837195680,29.718312901000047,0.799806100000069,30.234598899000048,1.165536400000065
COD_Ituri_Bunia_Bunia,Ituri,Bunia,Bunia,COD_Ituri,COD_Ituri_Bunia,COD,GPi6i83o7l6,2024,CIESIN GRID3,multiple data sources,Ituri_001,0.700863063753344,0.009541234252240,30.202283900000054,1.520835600000055,30.327886056000068,1.698608800000045
COD_Ituri_Bunia_Damas,Ituri,Bunia,Damas,COD_Ituri,COD_Ituri_Bunia,COD,ApdB8z3Wrxt,2024,CIESIN GRID3,multiple data sources,Ituri_001,2.693210882794013,0.144940513380337,29.855175300000042,1.982184933000042,30.464644474000067,2.414946500000042
COD_Ituri_Bunia_Drodro,Ituri,Bunia,Drodro,COD_Ituri,COD_Ituri_Bunia,COD,OIhgsXcZf6x,2024,CIESIN GRID3,multiple data sources,Ituri_001,1.381197253237904,0.046478433243347,30.388883565000071,1.591114483000069,30.676507879000042,1.902511300000072
COD_Ituri_Bunia_Fataki,Ituri,Bunia,Fataki,COD_Ituri,COD_Ituri_Bunia,COD,FDNwbfrJhkA,2024,CIESIN GRID3,multiple data sources,Ituri_001,1.553945000642476,0.034269164300909,30.364668200000040,1.770030365000025,30.724245401000076,2.031248008000034
COD_Ituri_Bunia_Gety,Ituri,Bunia,Gety,COD_Ituri,COD_Ituri_Bunia,COD,X8zFJ7DJlRD,2024,CIESIN GRID3,multiple data sources,Ituri_001,0.009321209729856,0.000005210084235,30.365486700000076,1.258493200000032,30.367519900000048,1.262054299000056
COD_Ituri_Bunia_Gety,Ituri,Bunia,Gety,COD_Ituri,COD_Ituri_Bunia,COD,X8zFJ7DJlRD,2024,CIESIN GRID3,multiple data sources,Ituri_001,0.027934457663745,0.000013970769582,30.364915400000029,1.268457900000044,30.373666100000037,1.276007800000059
COD_Ituri_Bunia_Gety,Ituri,Bunia,Gety,COD_Ituri,COD_Ituri_Bunia,COD,X8zFJ7DJlRD,2024,CIESIN GRID3,multiple data sources,Ituri_001,0.012474656259350,0.000003290631333,30.361994500000037,1.281034300000044,30.365182000000061,1.285916000000043
COD_Ituri_Bunia_Gety,Ituri,Bunia,Gety,COD_Ituri,COD_Ituri_Bunia,COD,X8zFJ7DJlRD,2024,CIESIN GRID3,multiple data sources,Ituri_001,0.010904442071160,0.000006841639431,30.355723500000067,1.288896600000044,30.359290800000053,1.292460300000073
COD_Ituri_Bunia_Gety,Ituri,Bunia,Gety,COD_Ituri,COD_Ituri_Bunia,COD,X8zFJ7DJlRD,2024,CIESIN GRID3,multiple data sources,Ituri_001,0.012906877231307,0.000010679604200,30.360060600000054,1.291192000000024,30.364572100000032,1.294967500000041
COD_Ituri_Bunia_Gety,Ituri,Bunia,Gety,COD_Ituri,COD_Ituri_Bunia,COD,X8zFJ7DJlRD,2024,CIESIN GRID3,multiple data sources,Ituri_001,0.023772456906156,0.000018897934230,30.361254199000030,1.293380100000036,30.371140800000035,1.297689300000059
COD_Ituri_Bunia_Gety,Ituri,Bunia,Gety,COD_Ituri,COD_Ituri_Bunia,COD,X8zFJ7DJlRD,2024,CIESIN GRID3,multiple data sources,Ituri_001,0.007063473677298,0.000003480848443,30.371191800000076,1.296160799000063,30.372935200000029,1.298877200000049
COD_Ituri_Bunia_Gety,Ituri,Bunia,Gety,COD_Ituri,COD_Ituri_Bunia,COD,X8zFJ7DJlRD,2024,CIESIN GRID3,multiple data sources,Ituri_001,0.010532024791859,0.000004956882783,30.371328600000027,1.301100200000064,30.375689900000054,1.303130100000033
COD_Ituri_Bunia_Gety,Ituri,Bunia,Gety,COD_Ituri,COD_Ituri_Bunia,COD,X8zFJ7DJlRD,2024,CIESIN GRID3,multiple data sources,Ituri_001,0.006733856101111,0.000002557309708,30.375582600000030,1.304100800000072,30.378189700000064,1.305934900000068
COD_Ituri_Bunia_Gety,Ituri,Bunia,Gety,COD_Ituri,COD_Ituri_Bunia,COD,X8zFJ7DJlRD,2024,CIESIN GRID3,multiple data sources,Ituri_001,0.004435912515778,0.000001024781954,30.378334500000051,1.305433500000049,30.379992100000038,1.306717900000024
COD_Ituri_Bunia_Gety,Ituri,Bunia,Gety,COD_Ituri,COD_Ituri_Bunia,COD,X8zFJ7DJlRD,2024,CIESIN GRID3,multiple data sources,Ituri_001,0.002427295936386,0.000000378142128,30.381102600000077,1.306656300000043,30.382062800000028,1.307208700000047
COD_Ituri_Bunia_Gety,Ituri,Bunia,Gety,COD_Ituri,COD_Ituri_Bunia,COD,X8zFJ7DJlRD,2024,CIESIN GRID3,multiple data sources,Ituri_001,2.430226868649121,0.135416270423990,29.896856500000069,1.001510602000053,30.494837600000039,1.461395900000070
COD_Ituri_Bunia_Jiba,Ituri,Bunia,Jiba,COD_Ituri,COD_Ituri_Bunia,COD,mgcXmrrvCZr,2024,CIESIN GRID3,multiple data sources,Ituri_001,0.993749611683294,0.028234669016987,30.591419309000059,1.676576122000029,30.821398763000047,1.933089700000039
COD_Ituri_Bunia_Kilo,Ituri,Bunia,Kilo,COD_Ituri,COD_Ituri_Bunia,COD,sbyWSsdZ3tj,2024,CIESIN GRID3,multiple data sources,Ituri_001,1.268465244807719,0.032602567936461,29.984487401000024,1.637729600000057,30.187676319000047,1.939030529000036
COD_Ituri_Bunia_Komanda,Ituri,Bunia,Komanda,COD_Ituri,COD_Ituri_Bunia,COD,i2mtQy4nTmD,2024,CIESIN GRID3,multiple data sources,Ituri_001,3.063009062791012,0.257150505483023,29.294284901000026,0.788868500000035,29.971041900000046,1.504435711000042
COD_Ituri_Bunia_Linga,Ituri,Bunia,Linga,COD_Ituri,COD_Ituri_Bunia,COD,K0KK2tBPIRA,2024,CIESIN GRID3,multiple data sources,Ituri_001,1.273293023650755,0.033545797460602,30.597416222000049,1.801054186000044,30.920063000000027,2.065243400000043
COD_Ituri_Bunia_Lita,Ituri,Bunia,Lita,COD_Ituri,COD_Ituri_Bunia,COD,xGWcGHazqtw,2024,CIESIN GRID3,multiple data sources,Ituri_001,1.062821375902971,0.040297766156397,30.271436068000071,1.409879845000034,30.488565619000042,1.746254360000023
COD_Ituri_Bunia_Lolwa,Ituri,Bunia,Lolwa,COD_Ituri,COD_Ituri_Bunia,COD,xp3Y1OXHZLj,2024,CIESIN GRID3,multiple data sources,Ituri_001,3.704006767465271,0.386771133126831,29.060941040000046,0.963704400000040,30.001924300000042,1.948976610000045
COD_Ituri_Bunia_Mambasa,Ituri,Bunia,Mambasa,COD_Ituri,COD_Ituri_Bunia,COD,RjHZChl5gJQ,2024,CIESIN GRID3,multiple data sources,Ituri_001,7.409336018108687,1.306351246718825,28.170998874000077,0.818374661000064,29.489408236000031,2.621354677000056
COD_Ituri_Bunia_Mandima,Ituri,Bunia,Mandima,COD_Ituri,COD_Ituri_Bunia,COD,YpXUkTbtAPA,2024,CIESIN GRID3,multiple data sources,Ituri_001,6.049883378094473,0.506738327318378,28.165915500000040,0.519618301000037,29.473133901000040,1.366420165000022
COD_Ituri_Bunia_Mangala,Ituri,Bunia,Mangala,COD_Ituri,COD_Ituri_Bunia,COD,YTZmP8g33YJ,2024,CIESIN GRID3,multiple data sources,Ituri_001,1.678886214921262,0.044940685559748,30.241960300000073,1.769633200000044,30.563088392000054,2.086047310000026
COD_Ituri_Bunia_Mongbwalu,Ituri,Bunia,Mongbwalu,COD_Ituri,COD_Ituri_Bunia,COD,nv8tx681Gjd,2024,CIESIN GRID3,multiple data sources,Ituri_001,3.396412681540009,0.260226660043159,29.324974917000077,1.774773500000038,30.163972500000057,2.488620901000047
COD_Ituri_Bunia_Nia-Nia,Ituri,Bunia,Nia Nia,COD_Ituri,COD_Ituri_Bunia,COD,tWlaqwSUheI,2024,CIESIN GRID3,multiple data sources,Ituri_001,4.485032121485555,0.608089759266857,27.365754422000066,0.632972100000075,28.431651000000045,1.857543400000054
COD_Ituri_Bunia_Nizi,Ituri,Bunia,Nizi,COD_Ituri,COD_Ituri_Bunia,COD,TCE5waEW7Fi,2024,CIESIN GRID3,multiple data sources,Ituri_001,0.740069213870831,0.015696835401601,30.249596899000039,1.662466499000061,30.411905123000054,1.835662497000044
COD_Ituri_Bunia_Nyankunde,Ituri,Bunia,Nyankunde,COD_Ituri,COD_Ituri_Bunia,COD,mGTaa8TFifO,2024,CIESIN GRID3,multiple data sources,Ituri_001,1.555154812912186,0.075733956665057,29.723944457000073,1.318708300000026,30.162625900000023,1.636928424000075
COD_Ituri_Bunia_Rethy,Ituri,Bunia,Rethy,COD_Ituri,COD_Ituri_Bunia,COD,hWMdKGgsAIz,2024,CIESIN GRID3,multiple data sources,Ituri_001,2.068398201124959,0.054070488634775,30.413172680000059,1.928429385000072,30.962444082000047,2.178443519000041
COD_Ituri_Bunia_Rwampara,Ituri,Bunia,Rwampara,COD_Ituri,COD_Ituri_Bunia,COD,vPxN2nZnBXK,2024,CIESIN GRID3,multiple data sources,Ituri_001,1.958529820755783,0.054194098640402,29.900859192000041,1.390176099000030,30.338222403000032,1.721448771000041
COD_Ituri_Bunia_Tchomia,Ituri,Bunia,Tchomia,COD_Ituri,COD_Ituri_Bunia,COD,rhj4btTd3i0,2024,CIESIN GRID3,multiple data sources,Ituri_001,0.960497290531610,0.028384200484810,30.328590901000041,1.313921800000060,30.609703101000036,1.619746116000044
COD_Ituri_Bunia_Tchomia,Ituri,Bunia,Tchomia,COD_Ituri,COD_Ituri_Bunia,COD,rhj4btTd3i0,2024,CIESIN GRID3,multiple data sources,Ituri_001,0.186924930922622,0.001424848652907,30.599506511000072,1.606707956000037,30.657517600000062,1.664866456000027
COD_Kasai-Central_Kananga_Bena-Leka,Kasaï-Central,Kananga,Bena Leka,COD_Kasai-Central,COD_Kasai-Central_Kananga,COD,HYPBUncgldT,2024,CIESIN GRID3,multiple data sources,Kasaï-Central_001,3.588129237788916,0.348127495883105,21.624430200000063,-5.475306373999956,22.549625658000025,-4.626412242999947
COD_Kasai-Central_Kananga_Bena-Tshadi,Kasaï-Central,Kananga,Bena Tshadi,COD_Kasai-Central,COD_Kasai-Central_Kananga,COD,CXIGn9khu8A,2024,CIESIN GRID3,multiple data sources,Kasaï-Central_001,2.639077502445610,0.241898631320929,22.440803325000047,-4.946788207999930,23.188694001000044,-4.201700417999973
COD_Kasai-Central_Kananga_Bilomba,Kasaï-Central,Kananga,Bilomba,COD_Kasai-Central,COD_Kasai-Central_Kananga,COD,FwiMpLozKls,2024,CIESIN GRID3,multiple data sources,Kasaï-Central_001,2.070274003894323,0.104112215441995,21.985350345000029,-6.767215251999971,22.433084583000038,-6.331130450999979
COD_Kasai-Central_Kananga_Bobozo,Kasaï-Central,Kananga,Bobozo,COD_Kasai-Central,COD_Kasai-Central_Kananga,COD,MlE1k08houk,2024,CIESIN GRID3,multiple data sources,Kasaï-Central_001,0.271331352532363,0.003709329459779,22.360290447000068,-6.052083332999928,22.429539720000037,-5.963162255999976
COD_Kasai-Central_Kananga_Bobozo,Kasaï-Central,Kananga,Bobozo,COD_Kasai-Central,COD_Kasai-Central_Kananga,COD,MlE1k08houk,2024,CIESIN GRID3,multiple data sources,Kasaï-Central_001,0.008783533036502,0.000003279575577,22.397838448000073,-5.900758240999949,22.400164368000048,-5.898115676999964
COD_Kasai-Central_Kananga_Bobozo,Kasaï-Central,Kananga,Bobozo,COD_Kasai-Central,COD_Kasai-Central_Kananga,COD,MlE1k08houk,2024,CIESIN GRID3,multiple data sources,Kasaï-Central_001,0.003641839652189,0.000000724241663,22.417474078000055,-5.898494740999979,22.418665793000059,-5.897610775999965
COD_Kasai-Central_Kananga_Bobozo,Kasaï-Central,Kananga,Bobozo,COD_Kasai-Central,COD_Kasai-Central_Kananga,COD,MlE1k08houk,2024,CIESIN GRID3,multiple data sources,Kasaï-Central_001,0.046928399527529,0.000026460141295,22.418020143000035,-5.903224986999930,22.429161445000034,-5.896923998999966
COD_Kasai-Central_Kananga_Bobozo,Kasaï-Central,Kananga,Bobozo,COD_Kasai-Central,COD_Kasai-Central_Kananga,COD,MlE1k08houk,2024,CIESIN GRID3,multiple data sources,Kasaï-Central_001,0.008163099004546,0.000002529715464,22.410323227000049,-5.899744675999955,22.412519296000028,-5.896808751999970
COD_Kasai-Central_Kananga_Bobozo,Kasaï-Central,Kananga,Bobozo,COD_Kasai-Central,COD_Kasai-Central_Kananga,COD,MlE1k08houk,2024,CIESIN GRID3,multiple data sources,Kasaï-Central_001,0.174992052451407,0.000783487750832,22.432018443000061,-5.949022526999954,22.472038730000065,-5.896699299999966
COD_Kasai-Central_Kananga_Bobozo,Kasaï-Central,Kananga,Bobozo,COD_Kasai-Central,COD_Kasai-Central_Kananga,COD,MlE1k08houk,2024,CIESIN GRID3,multiple data sources,Kasaï-Central_001,0.007017416786660,0.000001540228580,22.396281957000042,-5.897351619999938,22.398330832000056,-5.895699390999937
COD_Kasai-Central_Kananga_Bobozo,Kasaï-Central,Kananga,Bobozo,COD_Kasai-Central,COD_Kasai-Central_Kananga,COD,MlE1k08houk,2024,CIESIN GRID3,multiple data sources,Kasaï-Central_001,0.017548298839005,0.000005106133885,22.398555632000068,-5.897343395999940,22.403301363000026,-5.894267528999933
COD_Kasai-Central_Kananga_Bobozo,Kasaï-Central,Kananga,Bobozo,COD_Kasai-Central,COD_Kasai-Central_Kananga,COD,MlE1k08houk,2024,CIESIN GRID3,multiple data sources,Kasaï-Central_001,0.005134657877202,0.000001033112899,22.395460440000022,-5.894653844999937,22.397382063000066,-5.893742581999959
COD_Kasai-Central_Kananga_Bobozo,Kasaï-Central,Kananga,Bobozo,COD_Kasai-Central,COD_Kasai-Central_Kananga,COD,MlE1k08houk,2024,CIESIN GRID3,multiple data sources,Kasaï-Central_001,0.003020146976974,0.000000376478434,22.388172325000028,-5.891821042999936,22.389218455000048,-5.891345874999956
COD_Kasai-Central_Kananga_Bobozo,Kasaï-Central,Kananga,Bobozo,COD_Kasai-Central,COD_Kasai-Central_Kananga,COD,MlE1k08houk,2024,CIESIN GRID3,multiple data sources,Kasaï-Central_001,0.005608277106158,0.000000874226086,22.391654505000076,-5.891771259999928,22.392557900000043,-5.889804120999941
COD_Kasai-Central_Kananga_Bobozo,Kasaï-Central,Kananga,Bobozo,COD_Kasai-Central,COD_Kasai-Central_Kananga,COD,MlE1k08houk,2024,CIESIN GRID3,multiple data sources,Kasaï-Central_001,0.008304623409377,0.000002397800376,22.370532073000049,-5.891350461999934,22.373435607000033,-5.889557040999932
COD_Kasai-Central_Kananga_Bobozo,Kasaï-Central,Kananga,Bobozo,COD_Kasai-Central,COD_Kasai-Central_Kananga,COD,MlE1k08houk,2024,CIESIN GRID3,multiple data sources,Kasaï-Central_001,0.032310633281664,0.000006699775617,22.404403052000077,-5.893842970999970,22.410504355000057,-5.888854224999932
COD_Kasai-Central_Kananga_Bobozo,Kasaï-Central,Kananga,Bobozo,COD_Kasai-Central,COD_Kasai-Central_Kananga,COD,MlE1k08houk,2024,CIESIN GRID3,multiple data sources,Kasaï-Central_001,0.009275735274921,0.000002289984795,22.408324986000025,-5.888224018999949,22.411108475000049,-5.886393495999926
COD_Kasai-Central_Kananga_Bunkonde,Kasaï-Central,Kananga,Bunkonde,COD_Kasai-Central,COD_Kasai-Central_Kananga,COD,Al39AWPqFCc,2024,CIESIN GRID3,multiple data sources,Kasaï-Central_001,2.118636324103366,0.121131797091220,22.405769856000063,-6.645833332999928,22.847111413000050,-6.097888379999972
COD_Kasai-Central_Kananga_Demba,Kasaï-Central,Kananga,Demba,COD_Kasai-Central,COD_Kasai-Central_Kananga,COD,F8Spet7wqMK,2024,CIESIN GRID3,multiple data sources,Kasaï-Central_001,3.246684136305567,0.260321880295988,21.803860197000063,-5.802960413999926,22.615513148000048,-5.179000603999953
COD_Kasai-Central_Kananga_Dibaya,Kasaï-Central,Kananga,Dibaya,COD_Kasai-Central,COD_Kasai-Central_Kananga,COD,kye1r2XW3YV,2024,CIESIN GRID3,multiple data sources,Kasaï-Central_001,2.086122194539383,0.119157993092743,22.689441160000058,-6.770080458999928,23.155630945000041,-6.247875667999949
COD_Kasai-Central_Kananga_Kananga,Kasaï-Central,Kananga,Kananga,COD_Kasai-Central,COD_Kasai-Central_Kananga,COD,m2DHxGhogWK,2024,CIESIN GRID3,multiple data sources,Kasaï-Central_001,1.241706004766166,0.028101428215453,22.392701307000038,-5.934836560999941,22.693139814000062,-5.766170607999925
COD_Kasai-Central_Kananga_Katende,Kasaï-Central,Kananga,Katende,COD_Kasai-Central,COD_Kasai-Central_Kananga,COD,Ko8qaFXjOIM,2024,CIESIN GRID3,multiple data sources,Kasaï-Central_001,3.946094706695614,0.291858309666621,22.587718300000063,-5.872444734999931,23.451630801000078,-5.158658858999956
COD_Kasai-Central_Kananga_Katoka,Kasaï-Central,Kananga,Katoka,COD_Kasai-Central,COD_Kasai-Central_Kananga,COD,dwBRSfVBpk6,2024,CIESIN GRID3,multiple data sources,Kasaï-Central_001,0.330273198888164,0.003090108151025,22.313617420000071,-5.961923569999954,22.402096409000023,-5.888354082999967
COD_Kasai-Central_Kananga_Lubondaie,Kasaï-Central,Kananga,Lubondaie,COD_Kasai-Central,COD_Kasai-Central_Kananga,COD,ZIEdn6Pptv7,2024,CIESIN GRID3,multiple data sources,Kasaï-Central_001,2.462784380494854,0.160888014105369,22.490658237000048,-6.993522136999957,23.155078784000068,-6.445331613999940
COD_Kasai-Central_Kananga_Lubunga,Kasaï-Central,Kananga,Lubunga,COD_Kasai-Central,COD_Kasai-Central_Kananga,COD,FTamklKvHl5,2024,CIESIN GRID3,multiple data sources,Kasaï-Central_001,2.637409823459371,0.180588121158077,23.093879933000039,-5.784483915999942,23.799501599000052,-5.308478199999968
COD_Kasai-Central_Kananga_Lukonga,Kasaï-Central,Kananga,Lukonga,COD_Kasai-Central,COD_Kasai-Central_Kananga,COD,SAt8yoeSMjD,2024,CIESIN GRID3,multiple data sources,Kasaï-Central_001,2.031037046351554,0.043532027627042,22.150231440000027,-5.890816177999966,22.646223855000073,-5.664527507999935
COD_Kasai-Central_Kananga_Mikalayi,Kasaï-Central,Kananga,Mikalayi,COD_Kasai-Central,COD_Kasai-Central_Kananga,COD,csMZZqDFCvW,2024,CIESIN GRID3,multiple data sources,Kasaï-Central_001,3.170240815748337,0.292345273635997,21.666405344000054,-6.425163136999970,22.481329631000051,-5.723911125999962
COD_Kasai-Central_Kananga_Muetshi,Kasaï-Central,Kananga,Muetshi,COD_Kasai-Central,COD_Kasai-Central_Kananga,COD,Ied3F9RYVfg,2024,CIESIN GRID3,multiple data sources,Kasaï-Central_001,2.807270591340818,0.267284194945305,22.347227333000035,-5.281225677999942,23.068338911000069,-4.570922648999954
COD_Kasai-Central_Kananga_Mutoto,Kasaï-Central,Kananga,Mutoto,COD_Kasai-Central,COD_Kasai-Central_Kananga,COD,QtlqWolz843,2024,CIESIN GRID3,multiple data sources,Kasaï-Central_001,2.457242390259765,0.141270540297676,22.365221451000025,-5.807521290999944,22.879797980000035,-5.275490211999966
COD_Kasai-Central_Kananga_Ndekesha,Kasaï-Central,Kananga,Ndekesha,COD_Kasai-Central,COD_Kasai-Central_Kananga,COD,mixGG8ryrT9,2024,CIESIN GRID3,multiple data sources,Kasaï-Central_001,3.290827519238834,0.270237341998835,21.577003639000054,-6.655551249999974,22.158854167000072,-5.889128114999949
COD_Kasai-Central_Kananga_Ndesha,Kasaï-Central,Kananga,Ndesha,COD_Kasai-Central,COD_Kasai-Central_Kananga,COD,wq3tWiKJkNr,2024,CIESIN GRID3,multiple data sources,Kasaï-Central_001,0.568885717008086,0.008258326194754,22.213297691000037,-5.905360660999975,22.396898504000035,-5.812050311999940
COD_Kasai-Central_Kananga_Tshikaji,Kasaï-Central,Kananga,Tshikaji,COD_Kasai-Central,COD_Kasai-Central_Kananga,COD,U6rNBblejC5,2024,CIESIN GRID3,multiple data sources,Kasaï-Central_001,1.442823862188846,0.035893730601532,22.352104159000078,-6.124288833999969,22.711780835000070,-5.875084172999948
COD_Kasai-Central_Kananga_Tshikula,Kasaï-Central,Kananga,Tshikula,COD_Kasai-Central,COD_Kasai-Central_Kananga,COD,k3UBz1nclY7,2024,CIESIN GRID3,multiple data sources,Kasaï-Central_001,2.461828190740858,0.161756250265584,22.477553047000072,-6.328141048999953,23.089003084000069,-5.834154953999928
COD_Kasai-Central_Luiza_Kalomba,Kasaï-Central,Luiza,Kalomba,COD_Kasai-Central,COD_Kasai-Central_Luiza,COD,r9jRmNpYalx,2024,CIESIN GRID3,multiple data sources,Kasaï-Central_001,2.178680306584158,0.110195633952407,21.406870749000063,-7.066439686999956,21.963185766000038,-6.551687410999932
COD_Kasai-Central_Luiza_Luambo,Kasaï-Central,Luiza,Luambo,COD_Kasai-Central,COD_Kasai-Central_Luiza,COD,lRLzCt3aMHM,2024,CIESIN GRID3,multiple data sources,Kasaï-Central_001,3.491967861192622,0.363295858594771,21.654940285000066,-7.882114353999953,22.388602043000049,-6.963339611999970
COD_Kasai-Central_Luiza_Luiza,Kasaï-Central,Luiza,Luiza,COD_Kasai-Central,COD_Kasai-Central_Luiza,COD,etpyShZCZEs,2024,CIESIN GRID3,multiple data sources,Kasaï-Central_001,3.528786706149921,0.289303937441323,22.197889423000049,-7.458255697999959,22.830309688000057,-6.524638869999933
COD_Kasai-Central_Luiza_Masuika,Kasaï-Central,Luiza,Masuika,COD_Kasai-Central,COD_Kasai-Central_Luiza,COD,hi9gSpIVzai,2024,CIESIN GRID3,multiple data sources,Kasaï-Central_001,2.635842919815680,0.181206901192160,22.257432789000063,-7.906969556999968,22.808151600000031,-7.306015261999960
COD_Kasai-Central_Luiza_Tshibala,Kasaï-Central,Luiza,Tshibala,COD_Kasai-Central,COD_Kasai-Central_Luiza,COD,AH4FtBD4MqK,2024,CIESIN GRID3,multiple data sources,Kasaï-Central_001,3.372700497986678,0.197628883638696,21.658904211000049,-7.092489187999945,22.422490807000031,-6.603447548999952
COD_Kasai-Central_Luiza_Yangala,Kasaï-Central,Luiza,Yangala,COD_Kasai-Central,COD_Kasai-Central_Luiza,COD,OxPPcQLweov,2024,CIESIN GRID3,multiple data sources,Kasaï-Central_001,3.851724727617059,0.452917101876869,22.651240004000044,-7.888233778999961,23.267859323000039,-6.906475017999981
COD_Kasai-Oriental_Mbuji-Mayi_Bibanga,Kasaï-Oriental,Mbuji-Mayi,Bibanga,COD_Kasai-Oriental,COD_Kasai-Oriental_Mbuji-Mayi,COD,pzMw9DUQ6An,2024,CIESIN GRID3,multiple data sources,Kasaï-Oriental_001,2.804497614829031,0.122693927679084,23.696510275000037,-6.417577807999976,24.061846653000032,-5.745220386999961
COD_Kasai-Oriental_Mbuji-Mayi_Bipemba,Kasaï-Oriental,Mbuji-Mayi,Bipemba,COD_Kasai-Oriental,COD_Kasai-Oriental_Mbuji-Mayi,COD,xx5xiY5vVBa,2024,CIESIN GRID3,multiple data sources,Kasaï-Oriental_001,0.151730464873293,0.000935832094435,23.566276609000056,-6.124341123999955,23.595635626000046,-6.065637777999939
COD_Kasai-Oriental_Mbuji-Mayi_Bonzola,Kasaï-Oriental,Mbuji-Mayi,Bonzola,COD_Kasai-Oriental,COD_Kasai-Oriental_Mbuji-Mayi,COD,ZxyZ7L3ynso,2024,CIESIN GRID3,multiple data sources,Kasaï-Oriental_001,0.308421747292209,0.002336819189986,23.567037190000065,-6.174951251999971,23.675534778000042,-6.114230453999937
COD_Kasai-Oriental_Mbuji-Mayi_Cilundu,Kasaï-Oriental,Mbuji-Mayi,Cilundu,COD_Kasai-Oriental,COD_Kasai-Oriental_Mbuji-Mayi,COD,GZJ4wCF5dr8,2024,CIESIN GRID3,multiple data sources,Kasaï-Oriental_001,2.108552236092601,0.101719506127926,23.095919748000028,-6.606898431999980,23.550858166000069,-6.174055833999944
COD_Kasai-Oriental_Mbuji-Mayi_Citenge,Kasaï-Oriental,Mbuji-Mayi,Citenge,COD_Kasai-Oriental,COD_Kasai-Oriental_Mbuji-Mayi,COD,EpoRodQJ1La,2024,CIESIN GRID3,multiple data sources,Kasaï-Oriental_001,0.992372808841400,0.018384219479260,23.641110681000043,-6.230706905999966,23.829001216000051,-6.028345936999926
COD_Kasai-Oriental_Mbuji-Mayi_Dibindi,Kasaï-Oriental,Mbuji-Mayi,Dibindi,COD_Kasai-Oriental,COD_Kasai-Oriental_Mbuji-Mayi,COD,Z5I1TvCKVcG,2024,CIESIN GRID3,multiple data sources,Kasaï-Oriental_001,0.098625042221525,0.000386968651079,23.605675307000070,-6.143517463999956,23.636222990000078,-6.118223874999956
COD_Kasai-Oriental_Mbuji-Mayi_Diulu,Kasaï-Oriental,Mbuji-Mayi,Diulu,COD_Kasai-Oriental,COD_Kasai-Oriental_Mbuji-Mayi,COD,f1b3q0aLFzW,2024,CIESIN GRID3,multiple data sources,Kasaï-Oriental_001,0.122057061985611,0.000723670505072,23.580684154000039,-6.120540443999971,23.619831965000060,-6.082595683999955
COD_Kasai-Oriental_Mbuji-Mayi_Kabeya-Kamwanga,Kasaï-Oriental,Mbuji-Mayi,Kabeya Kamwanga,COD_Kasai-Oriental,COD_Kasai-Oriental_Mbuji-Mayi,COD,k7iudxSjdn7,2024,CIESIN GRID3,multiple data sources,Kasaï-Oriental_001,3.311030760789865,0.209749747748668,22.944409491000044,-6.362227273999963,23.558535499000072,-5.684924008999928
COD_Kasai-Oriental_Mbuji-Mayi_Kansele,Kasaï-Oriental,Mbuji-Mayi,Kansele,COD_Kasai-Oriental,COD_Kasai-Oriental_Mbuji-Mayi,COD,HN9etyIXrEE,2024,CIESIN GRID3,multiple data sources,Kasaï-Oriental_001,0.089294332899113,0.000340340101082,23.592633480000075,-6.123761375999948,23.628560964000030,-6.106486168999936
COD_Kasai-Oriental_Mbuji-Mayi_Kasansa,Kasaï-Oriental,Mbuji-Mayi,Kasansa,COD_Kasai-Oriental,COD_Kasai-Oriental_Mbuji-Mayi,COD,w9GBwODOJNY,2024,CIESIN GRID3,multiple data sources,Kasaï-Oriental_001,2.057886964961794,0.108760032002788,23.418446240000037,-6.773609818999944,23.810066636000045,-6.324409261999961
COD_Kasai-Oriental_Mbuji-Mayi_Lubilanji,Kasaï-Oriental,Mbuji-Mayi,Lubilanji,COD_Kasai-Oriental,COD_Kasai-Oriental_Mbuji-Mayi,COD,FvSLntNvpao,2024,CIESIN GRID3,multiple data sources,Kasaï-Oriental_001,0.121084497383456,0.000335853440237,23.593299856000044,-6.149391367999954,23.633863406000046,-6.119278999999949
COD_Kasai-Oriental_Mbuji-Mayi_Lukelenge,Kasaï-Oriental,Mbuji-Mayi,Lukelenge,COD_Kasai-Oriental,COD_Kasai-Oriental_Mbuji-Mayi,COD,ucEXrvC3lau,2024,CIESIN GRID3,multiple data sources,Kasaï-Oriental_001,0.254533101433310,0.001497230194867,23.624534030000063,-6.149356598999930,23.686540283000056,-6.084380238999927
COD_Kasai-Oriental_Mbuji-Mayi_Miabi,Kasaï-Oriental,Mbuji-Mayi,Miabi,COD_Kasai-Oriental,COD_Kasai-Oriental_Mbuji-Mayi,COD,vyzwR6KnN2M,2024,CIESIN GRID3,multiple data sources,Kasaï-Oriental_001,1.494242356814318,0.047410988467032,23.198228141000072,-6.320572650999964,23.443774383000061,-6.014330917999928
COD_Kasai-Oriental_Mbuji-Mayi_Mpokolo,Kasaï-Oriental,Mbuji-Mayi,Mpokolo,COD_Kasai-Oriental,COD_Kasai-Oriental_Mbuji-Mayi,COD,v4bwDhzBFks,2024,CIESIN GRID3,multiple data sources,Kasaï-Oriental_001,0.260651980486606,0.003244385001061,23.493223221000051,-6.111024077999957,23.571122077000041,-6.056567913999970
COD_Kasai-Oriental_Mbuji-Mayi_Mukumbi,Kasaï-Oriental,Mbuji-Mayi,Mukumbi,COD_Kasai-Oriental,COD_Kasai-Oriental_Mbuji-Mayi,COD,L4fvzJb0ijt,2024,CIESIN GRID3,multiple data sources,Kasaï-Oriental_001,1.794392427486333,0.085157474189113,23.439098888000046,-6.103537413999959,23.774095926000030,-5.667474116999927
COD_Kasai-Oriental_Mbuji-Mayi_Muya,Kasaï-Oriental,Mbuji-Mayi,Muya,COD_Kasai-Oriental,COD_Kasai-Oriental_Mbuji-Mayi,COD,HllryitwQ4u,2024,CIESIN GRID3,multiple data sources,Kasaï-Oriental_001,0.141950713967310,0.000751942384608,23.610369930000047,-6.116639688999953,23.657516238000028,-6.083396146999974
COD_Kasai-Oriental_Mbuji-Mayi_Nzaba,Kasaï-Oriental,Mbuji-Mayi,Nzaba,COD_Kasai-Oriental,COD_Kasai-Oriental_Mbuji-Mayi,COD,amSVlGShY91,2024,CIESIN GRID3,multiple data sources,Kasaï-Oriental_001,0.258970280884535,0.003079942319061,23.497384395000040,-6.168722456999944,23.575363014000061,-6.106781536999961
COD_Kasai-Oriental_Mbuji-Mayi_Tshilenge,Kasaï-Oriental,Mbuji-Mayi,Tshilenge,COD_Kasai-Oriental,COD_Kasai-Oriental_Mbuji-Mayi,COD,sxo8WzGfbXk,2024,CIESIN GRID3,multiple data sources,Kasaï-Oriental_001,1.099212405928853,0.044823585207286,23.567882624000049,-6.433015223999973,23.848218465000059,-6.161289189999934
COD_Kasai-Oriental_Mbuji-Mayi_Tshishimbi,Kasaï-Oriental,Mbuji-Mayi,Tshishimbi,COD_Kasai-Oriental,COD_Kasai-Oriental_Mbuji-Mayi,COD,PuF5BL8Npna,2024,CIESIN GRID3,multiple data sources,Kasaï-Oriental_001,1.461023113748976,0.046063009213668,23.364452240000048,-6.380504278999979,23.642654619000041,-6.003936747999944
COD_Kasai_Mweka_Bulape,Kasaï,Mweka,Bulape,COD_Kasai,COD_Kasai_Mweka,COD,tTRg4cT07K7,2024,CIESIN GRID3,multiple data sources,Kasaï_001,4.786859652377645,0.491387087752708,21.348926307000056,-4.869855128999973,22.536724800000059,-3.949951340999974
COD_Kasai_Mweka_Dekese,Kasaï,Mweka,Dekese,COD_Kasai,COD_Kasai_Mweka,COD,Z3lr3MOHNLH,2024,CIESIN GRID3,multiple data sources,Kasaï_001,7.110692103920475,2.155033485490061,20.608753716000024,-4.162511402999939,22.304521111000042,-2.309695465999937
COD_Kasai_Mweka_Ilebo,Kasaï,Mweka,Ilebo,COD_Kasai,COD_Kasai_Mweka,COD,g9sayFS8d1p,2024,CIESIN GRID3,multiple data sources,Kasaï_001,1.421615658772967,0.061275802272747,20.416031316000044,-4.508055212999977,20.838408374000039,-4.147133833999931
COD_Kasai_Mweka_Kakenge,Kasaï,Mweka,Kakenge,COD_Kasai,COD_Kasai_Mweka,COD,y1bSl3YWtJm,2024,CIESIN GRID3,multiple data sources,Kasaï_001,3.166730368041851,0.306084348312088,21.686079327000073,-5.021037044999957,22.461333473000025,-4.298831064999945
COD_Kasai_Mweka_Luebo,Kasaï,Mweka,Luebo,COD_Kasai,COD_Kasai_Mweka,COD,d9la4YKNnto,2024,CIESIN GRID3,multiple data sources,Kasaï_001,4.006334292200878,0.435274612137263,21.071413320000033,-6.160502144999953,21.981725393000033,-5.038083482999980
COD_Kasai_Mweka_Mikope,Kasaï,Mweka,Mikope,COD_Kasai,COD_Kasai_Mweka,COD,vy2yqOs0J70,2024,CIESIN GRID3,multiple data sources,Kasaï_001,4.934899924183828,0.880436274153525,20.027960300000075,-5.514181532999942,21.110325093000029,-4.277044433999947
COD_Kasai_Mweka_Mushenge,Kasaï,Mweka,Mushenge,COD_Kasai,COD_Kasai_Mweka,COD,qdhh0JFWiW2,2024,CIESIN GRID3,multiple data sources,Kasaï_001,3.739985489539741,0.555941880972196,20.660334261000060,-5.048939894999933,21.566642417000025,-3.972325917999967
COD_Kasai_Mweka_Mweka,Kasaï,Mweka,Mweka,COD_Kasai,COD_Kasai_Mweka,COD,dw1XnGf2aaU,2024,CIESIN GRID3,multiple data sources,Kasaï_001,3.057644023530032,0.259119706093177,21.123394225000027,-5.409036354999955,21.928869821000035,-4.685179407999954
COD_Kasai_Mweka_Ndjoko-Mpunda,Kasaï,Mweka,Ndjoko Mpunda,COD_Kasai,COD_Kasai_Mweka,COD,phRBB1s5LJX,2024,CIESIN GRID3,multiple data sources,Kasaï_001,2.793818887913058,0.248414537215946,20.819594722000033,-6.148731796999925,21.464920801000062,-5.256651386999977
COD_Kasai_Tshikapa_Banga-Lubaka,Kasaï,Tshikapa,Banga Lubaka,COD_Kasai,COD_Kasai_Tshikapa,COD,bNFyJIkjMdY,2024,CIESIN GRID3,multiple data sources,Kasaï_001,3.183036336616063,0.356526606618893,20.128028806000032,-5.910138636999932,20.918353644000035,-5.181433657999946
COD_Kasai_Tshikapa_Kalonda-Ouest,Kasaï,Tshikapa,Kalonda Ouest,COD_Kasai,COD_Kasai_Tshikapa,COD,jCOBMIbRlMV,2024,CIESIN GRID3,multiple data sources,Kasaï_001,2.198523709757464,0.237540563176046,20.577655921000030,-6.510883966999927,21.073473899000078,-5.739871819999962
COD_Kasai_Tshikapa_Kamonia,Kasaï,Tshikapa,Kamonia,COD_Kasai,COD_Kasai_Tshikapa,COD,BTGp4czwZRN,2024,CIESIN GRID3,multiple data sources,Kasaï_001,3.052790110828222,0.352398520140390,20.545624737000026,-7.286016439999969,21.307619491000025,-6.557247680999978
COD_Kasai_Tshikapa_Kamwesha,Kasaï,Tshikapa,Kamwesha,COD_Kasai,COD_Kasai_Tshikapa,COD,j6OryFADgoN,2024,CIESIN GRID3,multiple data sources,Kasaï_001,3.376582421501169,0.389057056496418,20.906019331000039,-6.829393374999938,21.707180221000044,-6.000028475999954
COD_Kasai_Tshikapa_Kanzala,Kasaï,Tshikapa,Kanzala,COD_Kasai,COD_Kasai_Tshikapa,COD,YyPtkSv7bB3,2024,CIESIN GRID3,multiple data sources,Kasaï_001,1.042894471874652,0.041557711578408,20.712819493000040,-6.705309063999948,20.985300202000076,-6.415308841999945
COD_Kasai_Tshikapa_Kitangwa,Kasaï,Tshikapa,Kitangwa,COD_Kasai,COD_Kasai_Tshikapa,COD,IDFKkakVBRc,2024,CIESIN GRID3,multiple data sources,Kasaï_001,4.504568001939315,0.649340325193015,19.676605721000044,-7.017516708999949,20.683026812000037,-5.983192265999946
COD_Kasai_Tshikapa_Mutena,Kasaï,Tshikapa,Mutena,COD_Kasai,COD_Kasai_Tshikapa,COD,g0UqlSRyINa,2024,CIESIN GRID3,multiple data sources,Kasaï_001,2.615865586226854,0.216106955818253,21.071781959000077,-7.293385230999945,21.796091800000056,-6.618053597999960
COD_Kasai_Tshikapa_Nyanga,Kasaï,Tshikapa,Nyanga,COD_Kasai,COD_Kasai_Tshikapa,COD,ilgYm3DfbGP,2024,CIESIN GRID3,multiple data sources,Kasaï_001,2.339415954480065,0.156116785347598,19.978355879000048,-6.244971893999946,20.615084659000047,-5.776109928999972
COD_Kasai_Tshikapa_Tshikapa,Kasaï,Tshikapa,Tshikapa,COD_Kasai,COD_Kasai_Tshikapa,COD,rsaI3zncNG9,2024,CIESIN GRID3,multiple data sources,Kasaï_001,2.425938703352861,0.165588434949065,20.316446496000026,-6.931938304999960,20.795346186000074,-6.221662538999965
COD_Kinshasa_Kinshasa-Centre_Bumbu,Kinshasa,Kinshasa-Centre,Bumbu,COD_Kinshasa,COD_Kinshasa_Kinshasa-Centre,COD,sZ2goXLKmQX,2024,CIESIN GRID3,multiple data sources,Kinshasa_001,0.080812603566830,0.000366941273057,15.282746100000054,-4.385277354999971,15.305606906000037,-4.359158242999968
COD_Kinshasa_Kinshasa-Centre_Kalamu-1,Kinshasa,Kinshasa-Centre,Kalamu 1,COD_Kinshasa,COD_Kinshasa_Kinshasa-Centre,COD,D1jF9OzETge,2024,CIESIN GRID3,multiple data sources,Kinshasa_001,0.104043397715333,0.000311185562591,15.305606906000037,-4.366906623999967,15.326784880000048,-4.330530653999972
COD_Kinshasa_Kinshasa-Centre_Kalamu-2,Kinshasa,Kinshasa-Centre,Kalamu 2,COD_Kinshasa,COD_Kinshasa_Kinshasa-Centre,COD,Z3DMBdrM8Df,2024,CIESIN GRID3,multiple data sources,Kinshasa_001,0.057525338693433,0.000172105601376,15.311711238000044,-4.369423457999972,15.324845560000028,-4.348029563999944
COD_Kinshasa_Kinshasa-Centre_Kasa-Vubu,Kinshasa,Kinshasa-Centre,Kasa Vubu,COD_Kinshasa,COD_Kinshasa_Kinshasa-Centre,COD,TuzDrpZ9zzl,2024,CIESIN GRID3,multiple data sources,Kinshasa_001,0.080932403679310,0.000271779977232,15.291939256000035,-4.352603873999954,15.315009913000040,-4.331488640999964
COD_Kinshasa_Kinshasa-Centre_Kingabwa,Kinshasa,Kinshasa-Centre,Kingabwa,COD_Kinshasa,COD_Kinshasa_Kinshasa-Centre,COD,NwNyAitXVsr,2024,CIESIN GRID3,multiple data sources,Kinshasa_001,0.221658498345690,0.000882804239010,15.336567008000031,-4.387378228999978,15.369563560000074,-4.321748240999966
COD_Kinshasa_Kinshasa-Centre_Kisenso,Kinshasa,Kinshasa-Centre,Kisenso,COD_Kinshasa,COD_Kinshasa_Kinshasa-Centre,COD,Vv9L3W7VMrX,2024,CIESIN GRID3,multiple data sources,Kinshasa_001,0.183908199184568,0.001262966969864,15.317481667000038,-4.440018324999926,15.363991178000049,-4.395634547999975
COD_Kinshasa_Kinshasa-Centre_Lemba,Kinshasa,Kinshasa-Centre,Lemba,COD_Kinshasa,COD_Kinshasa_Kinshasa-Centre,COD,tCLXgZBBLQ0,2024,CIESIN GRID3,multiple data sources,Kinshasa_001,0.207046096937942,0.001161245859898,15.301742870000055,-4.440732999999966,15.348849361000077,-4.373439786999938
COD_Kinshasa_Kinshasa-Centre_Limete,Kinshasa,Kinshasa-Centre,Limete,COD_Kinshasa,COD_Kinshasa_Kinshasa-Centre,COD,JhJFxKnFvmJ,2024,CIESIN GRID3,multiple data sources,Kinshasa_001,0.148296683728313,0.001001569140144,15.320074998000052,-4.381499799999972,15.352505781000048,-4.325254479999955
COD_Kinshasa_Kinshasa-Centre_Makala,Kinshasa,Kinshasa-Centre,Makala,COD_Kinshasa,COD_Kinshasa_Kinshasa-Centre,COD,SqWL31RNyKx,2024,CIESIN GRID3,multiple data sources,Kinshasa_001,0.093399887841960,0.000422410731356,15.298522809000076,-4.400355944999944,15.320074998000052,-4.365507932999947
COD_Kinshasa_Kinshasa-Centre_Matete,Kinshasa,Kinshasa-Centre,Matete,COD_Kinshasa,COD_Kinshasa_Kinshasa-Centre,COD,UrJlHRGZGGJ,2024,CIESIN GRID3,multiple data sources,Kinshasa_001,0.090746650624362,0.000386740975228,15.336167600000067,-4.398366592999935,15.367391064000060,-4.379051789999949
COD_Kinshasa_Kinshasa-Centre_Ngaba,Kinshasa,Kinshasa-Centre,Ngaba,COD_Kinshasa,COD_Kinshasa_Kinshasa-Centre,COD,vvrhCzWzc0J,2024,CIESIN GRID3,multiple data sources,Kinshasa_001,0.066754551606349,0.000231711442502,15.314870000000042,-4.392292999999938,15.333214000000055,-4.369423457999972
COD_Kinshasa_Kinshasa-Centre_Ngiri-Ngiri,Kinshasa,Kinshasa-Centre,Ngiri Ngiri,COD_Kinshasa,COD_Kinshasa_Kinshasa-Centre,COD,LSvg2jR0rEQ,2024,CIESIN GRID3,multiple data sources,Kinshasa_001,0.065159875740400,0.000238675995263,15.288114313000051,-4.365507932999947,15.310190399000078,-4.347810911999943
COD_Kinshasa_Kinshasa-Est_Biyela,Kinshasa,Kinshasa-Est,Biyela,COD_Kinshasa,COD_Kinshasa_Kinshasa-Est,COD,QzpHCAKe31e,2024,CIESIN GRID3,multiple data sources,Kinshasa_001,0.227758174074794,0.001833613646667,15.381712595000067,-4.474427242999980,15.434943194000027,-4.406751547999932
COD_Kinshasa_Kinshasa-Est_Kikimi,Kinshasa,Kinshasa-Est,Kikimi,COD_Kinshasa,COD_Kinshasa_Kinshasa-Est,COD,wTaqhPcijDM,2024,CIESIN GRID3,multiple data sources,Kinshasa_001,0.217996082674085,0.001300567046623,15.408366387000058,-4.474425776999965,15.456751000000054,-4.403619653999954
COD_Kinshasa_Kinshasa-Est_Kimbanseke,Kinshasa,Kinshasa-Est,Kimbanseke,COD_Kinshasa,COD_Kinshasa_Kinshasa-Est,COD,cycttnJlR4L,2024,CIESIN GRID3,multiple data sources,Kinshasa_001,0.260946093369322,0.001752861162822,15.352407634000031,-4.479102816999955,15.398728604000041,-4.402401035999958
COD_Kinshasa_Kinshasa-Est_Kingasani,Kinshasa,Kinshasa-Est,Kingasani,COD_Kinshasa,COD_Kinshasa_Kinshasa-Est,COD,ZTt8HbFGrY4,2024,CIESIN GRID3,multiple data sources,Kinshasa_001,0.092136932299219,0.000373429289540,15.387482916000067,-4.419031488999963,15.417368446000069,-4.396164247999934
COD_Kinshasa_Kinshasa-Est_Maluku-1,Kinshasa,Kinshasa-Est,Maluku 1,COD_Kinshasa,COD_Kinshasa_Kinshasa-Est,COD,tkbMhp2kIT2,2024,CIESIN GRID3,multiple data sources,Kinshasa_001,3.768183771214452,0.244428689483203,15.516530513000077,-5.032557973999928,16.000160467000057,-3.927611199999944
COD_Kinshasa_Kinshasa-Est_Maluku-2,Kinshasa,Kinshasa-Est,Maluku 2,COD_Kinshasa,COD_Kinshasa_Kinshasa-Est,COD,nq4LAyXUm8a,2024,CIESIN GRID3,multiple data sources,Kinshasa_001,3.914475578883291,0.419798373995857,15.853247717000045,-5.050898033999943,16.538299529000028,-3.951332391999927
COD_Kinshasa_Kinshasa-Est_Masina-1,Kinshasa,Kinshasa-Est,Masina 1,COD_Kinshasa,COD_Kinshasa_Kinshasa-Est,COD,F0zQH8NbaIx,2024,CIESIN GRID3,multiple data sources,Kinshasa_001,0.151621666604080,0.000627735328463,15.360995102000061,-4.397617333999960,15.395770728000059,-4.358813130999977
COD_Kinshasa_Kinshasa-Est_Masina-2,Kinshasa,Kinshasa-Est,Masina 2,COD_Kinshasa,COD_Kinshasa_Kinshasa-Est,COD,hL8oJfWHx3g,2024,CIESIN GRID3,multiple data sources,Kinshasa_001,0.138632775322144,0.000570026664232,15.388417158000038,-4.405918664999945,15.427575713000067,-4.369691848999935
COD_Kinshasa_Kinshasa-Est_Ndjili,Kinshasa,Kinshasa-Est,Ndjili,COD_Kinshasa,COD_Kinshasa_Kinshasa-Est,COD,rK2ODHilbAP,2024,CIESIN GRID3,multiple data sources,Kinshasa_001,0.131554092040191,0.000754560029563,15.359854034000023,-4.426503050999941,15.390064724000069,-4.387198899999930
COD_Kinshasa_Kinshasa-Est_Nsele,Kinshasa,Kinshasa-Est,Nsele,COD_Kinshasa,COD_Kinshasa_Kinshasa-Est,COD,m0D9iUAjJ1G,2024,CIESIN GRID3,multiple data sources,Kinshasa_001,0.005006225478137,0.000001335060581,15.443755115000044,-4.348595683999974,15.445325559000025,-4.346870573999979
COD_Kinshasa_Kinshasa-Est_Nsele,Kinshasa,Kinshasa-Est,Nsele,COD_Kinshasa,COD_Kinshasa_Kinshasa-Est,COD,m0D9iUAjJ1G,2024,CIESIN GRID3,multiple data sources,Kinshasa_001,0.004776173322182,0.000001205155857,15.445872836000035,-4.343812967999952,15.446848415000034,-4.341784476999976
COD_Kinshasa_Kinshasa-Est_Nsele,Kinshasa,Kinshasa-Est,Nsele,COD_Kinshasa,COD_Kinshasa_Kinshasa-Est,COD,m0D9iUAjJ1G,2024,CIESIN GRID3,multiple data sources,Kinshasa_001,0.004244919790029,0.000001107029639,15.446743717000061,-4.340653042999975,15.448052421000057,-4.339153982999960
COD_Kinshasa_Kinshasa-Est_Nsele,Kinshasa,Kinshasa-Est,Nsele,COD_Kinshasa,COD_Kinshasa_Kinshasa-Est,COD,m0D9iUAjJ1G,2024,CIESIN GRID3,multiple data sources,Kinshasa_001,0.015092742211615,0.000004394666571,15.499666417000071,-4.320810759999972,15.505329048000021,-4.316245389999949
COD_Kinshasa_Kinshasa-Est_Nsele,Kinshasa,Kinshasa-Est,Nsele,COD_Kinshasa,COD_Kinshasa_Kinshasa-Est,COD,m0D9iUAjJ1G,2024,CIESIN GRID3,multiple data sources,Kinshasa_001,0.005333761377057,0.000001211407848,15.506390490000058,-4.315711503999978,15.508337307000033,-4.314051749999976
COD_Kinshasa_Kinshasa-Est_Nsele,Kinshasa,Kinshasa-Est,Nsele,COD_Kinshasa,COD_Kinshasa_Kinshasa-Est,COD,m0D9iUAjJ1G,2024,CIESIN GRID3,multiple data sources,Kinshasa_001,0.007396532832972,0.000002938458877,15.511283085000059,-4.307532823999964,15.512521824000032,-4.304451539999945
COD_Kinshasa_Kinshasa-Est_Nsele,Kinshasa,Kinshasa-Est,Nsele,COD_Kinshasa,COD_Kinshasa_Kinshasa-Est,COD,m0D9iUAjJ1G,2024,CIESIN GRID3,multiple data sources,Kinshasa_001,0.012099099766775,0.000004296672113,15.509275624000054,-4.305519675999960,15.512814675000072,-4.301133925999977
COD_Kinshasa_Kinshasa-Est_Nsele,Kinshasa,Kinshasa-Est,Nsele,COD_Kinshasa,COD_Kinshasa_Kinshasa-Est,COD,m0D9iUAjJ1G,2024,CIESIN GRID3,multiple data sources,Kinshasa_001,0.008308439346666,0.000003366702599,15.518360675000054,-4.302492324999946,15.520071863000055,-4.299055383999928
COD_Kinshasa_Kinshasa-Est_Nsele,Kinshasa,Kinshasa-Est,Nsele,COD_Kinshasa,COD_Kinshasa_Kinshasa-Est,COD,m0D9iUAjJ1G,2024,CIESIN GRID3,multiple data sources,Kinshasa_001,0.005232584077892,0.000001136212215,15.523021928000048,-4.299823259999926,15.524260033000076,-4.297690034999960
COD_Kinshasa_Kinshasa-Est_Nsele,Kinshasa,Kinshasa-Est,Nsele,COD_Kinshasa,COD_Kinshasa_Kinshasa-Est,COD,m0D9iUAjJ1G,2024,CIESIN GRID3,multiple data sources,Kinshasa_001,0.004367891300002,0.000000870511326,15.523551068000074,-4.297097779999945,15.524789572000032,-4.295438528999966
COD_Kinshasa_Kinshasa-Est_Nsele,Kinshasa,Kinshasa-Est,Nsele,COD_Kinshasa,COD_Kinshasa_Kinshasa-Est,COD,m0D9iUAjJ1G,2024,CIESIN GRID3,multiple data sources,Kinshasa_001,0.005824602281534,0.000001632648488,15.518180872000073,-4.297811993999971,15.519243428000038,-4.295323844999928
COD_Kinshasa_Kinshasa-Est_Nsele,Kinshasa,Kinshasa-Est,Nsele,COD_Kinshasa,COD_Kinshasa_Kinshasa-Est,COD,m0D9iUAjJ1G,2024,CIESIN GRID3,multiple data sources,Kinshasa_001,0.022718826438107,0.000012917822816,15.520541799000057,-4.299646791999976,15.522961702000032,-4.289397583999971
COD_Kinshasa_Kinshasa-Est_Nsele,Kinshasa,Kinshasa-Est,Nsele,COD_Kinshasa,COD_Kinshasa_Kinshasa-Est,COD,m0D9iUAjJ1G,2024,CIESIN GRID3,multiple data sources,Kinshasa_001,0.029028400775074,0.000034180371554,15.522723432000078,-4.295913394999957,15.528146963000040,-4.283173564999970
COD_Kinshasa_Kinshasa-Est_Nsele,Kinshasa,Kinshasa-Est,Nsele,COD_Kinshasa,COD_Kinshasa_Kinshasa-Est,COD,m0D9iUAjJ1G,2024,CIESIN GRID3,multiple data sources,Kinshasa_001,0.141453644316718,0.000411105021336,15.440964643000029,-4.270820710999942,15.475264572000071,-4.228597174999948
COD_Kinshasa_Kinshasa-Est_Nsele,Kinshasa,Kinshasa-Est,Nsele,COD_Kinshasa,COD_Kinshasa_Kinshasa-Est,COD,m0D9iUAjJ1G,2024,CIESIN GRID3,multiple data sources,Kinshasa_001,0.108330313974169,0.000222913796770,15.498808384000029,-4.238851313999930,15.507190035000065,-4.197655038999926
COD_Kinshasa_Kinshasa-Est_Nsele,Kinshasa,Kinshasa-Est,Nsele,COD_Kinshasa,COD_Kinshasa_Kinshasa-Est,COD,m0D9iUAjJ1G,2024,CIESIN GRID3,multiple data sources,Kinshasa_001,1.766377977674143,0.081519973138942,15.349077037000029,-4.589121551999938,15.714818103000027,-4.185681668999962
COD_Kinshasa_Kinshasa-Ouest_Bandalungwa,Kinshasa,Kinshasa-Ouest,Bandalungwa,COD_Kinshasa,COD_Kinshasa_Kinshasa-Ouest,COD,BjbUZ5acV7t,2024,CIESIN GRID3,multiple data sources,Kinshasa_001,0.108136884083366,0.000349019613371,15.271486555000024,-4.359556305999945,15.296074287000067,-4.332518732999972
COD_Kinshasa_Kinshasa-Ouest_Barumbu,Kinshasa,Kinshasa-Ouest,Barumbu,COD_Kinshasa,COD_Kinshasa_Kinshasa-Ouest,COD,uw3SOxNTDP4,2024,CIESIN GRID3,multiple data sources,Kinshasa_001,0.041958197118927,0.000052414200977,15.319418903000042,-4.332577958999934,15.336475059000065,-4.324451404999934
COD_Kinshasa_Kinshasa-Ouest_Barumbu,Kinshasa,Kinshasa-Ouest,Barumbu,COD_Kinshasa,COD_Kinshasa_Kinshasa-Ouest,COD,uw3SOxNTDP4,2024,CIESIN GRID3,multiple data sources,Kinshasa_001,0.074055654337210,0.000265132552213,15.314815884000041,-4.326067999999964,15.335660169000050,-4.305499999999938
COD_Kinshasa_Kinshasa-Ouest_Binza-Meteo,Kinshasa,Kinshasa-Ouest,Binza Meteo,COD_Kinshasa,COD_Kinshasa_Kinshasa-Ouest,COD,ShcGSNMpF7z,2024,CIESIN GRID3,multiple data sources,Kinshasa_001,0.301549248229335,0.002530820086470,15.222194708000075,-4.434018200999958,15.280014769000047,-4.356931145999965
COD_Kinshasa_Kinshasa-Ouest_Binza-Ozone,Kinshasa,Kinshasa-Ouest,Binza Ozone,COD_Kinshasa,COD_Kinshasa_Kinshasa-Ouest,COD,m5B0okd0KaZ,2024,CIESIN GRID3,multiple data sources,Kinshasa_001,0.410129673360234,0.003331442924139,15.187274058000071,-4.389728896999941,15.280370760000039,-4.311873728999956
COD_Kinshasa_Kinshasa-Ouest_Gombe,Kinshasa,Kinshasa-Ouest,Gombe,COD_Kinshasa,COD_Kinshasa_Kinshasa-Ouest,COD,L3vMLScAbZ6,2024,CIESIN GRID3,multiple data sources,Kinshasa_001,0.225494148942392,0.001023746520892,15.264736265000067,-4.327341640999975,15.341204973000060,-4.295412411999962
COD_Kinshasa_Kinshasa-Ouest_Kinshasa,Kinshasa,Kinshasa-Ouest,Kinshasa,COD_Kinshasa,COD_Kinshasa_Kinshasa-Ouest,COD,xZy8t34pvs6,2024,CIESIN GRID3,multiple data sources,Kinshasa_001,0.075495550778634,0.000251736214211,15.302758947000029,-4.333922987999927,15.321529978000058,-4.310621478999963
COD_Kinshasa_Kinshasa-Ouest_Kintambo,Kinshasa,Kinshasa-Ouest,Kintambo,COD_Kinshasa,COD_Kinshasa_Kinshasa-Ouest,COD,oeP2sQLMCuy,2024,CIESIN GRID3,multiple data sources,Kinshasa_001,0.102509468275301,0.000313462267614,15.257757479000077,-4.358486607999964,15.280180231000031,-4.327895759999933
COD_Kinshasa_Kinshasa-Ouest_Kokolo,Kinshasa,Kinshasa-Ouest,Kokolo,COD_Kinshasa,COD_Kinshasa_Kinshasa-Ouest,COD,Ab6jrKWO5EZ,2024,CIESIN GRID3,multiple data sources,Kinshasa_001,0.034603980604090,0.000045872218899,15.240020533000063,-4.456573332999938,15.249386409000067,-4.445708151999952
COD_Kinshasa_Kinshasa-Ouest_Kokolo,Kinshasa,Kinshasa-Ouest,Kokolo,COD_Kinshasa,COD_Kinshasa_Kinshasa-Ouest,COD,Ab6jrKWO5EZ,2024,CIESIN GRID3,multiple data sources,Kinshasa_001,0.037690209315593,0.000076780844824,15.246791419000033,-4.434083295999926,15.257952579000062,-4.424043406999942
COD_Kinshasa_Kinshasa-Ouest_Kokolo,Kinshasa,Kinshasa-Ouest,Kokolo,COD_Kinshasa,COD_Kinshasa_Kinshasa-Ouest,COD,Ab6jrKWO5EZ,2024,CIESIN GRID3,multiple data sources,Kinshasa_001,0.014678965096576,0.000011192347974,15.258092591000036,-4.371084799999949,15.263069488000042,-4.366566076999959
COD_Kinshasa_Kinshasa-Ouest_Kokolo,Kinshasa,Kinshasa-Ouest,Kokolo,COD_Kinshasa,COD_Kinshasa_Kinshasa-Ouest,COD,Ab6jrKWO5EZ,2024,CIESIN GRID3,multiple data sources,Kinshasa_001,0.023369547369001,0.000018820661096,15.249010865000059,-4.365786711999931,15.256242999000051,-4.359140632999924
COD_Kinshasa_Kinshasa-Ouest_Kokolo,Kinshasa,Kinshasa-Ouest,Kokolo,COD_Kinshasa,COD_Kinshasa_Kinshasa-Ouest,COD,Ab6jrKWO5EZ,2024,CIESIN GRID3,multiple data sources,Kinshasa_001,0.020681705625792,0.000024140688797,15.238036028000067,-4.354166354999961,15.243136015000061,-4.348282728999948
COD_Kinshasa_Kinshasa-Ouest_Kokolo,Kinshasa,Kinshasa-Ouest,Kokolo,COD_Kinshasa,COD_Kinshasa_Kinshasa-Ouest,COD,Ab6jrKWO5EZ,2024,CIESIN GRID3,multiple data sources,Kinshasa_001,0.015713488452736,0.000007270477369,15.269707900000071,-4.349310199999934,15.272860107000042,-4.343642651999971
COD_Kinshasa_Kinshasa-Ouest_Kokolo,Kinshasa,Kinshasa-Ouest,Kokolo,COD_Kinshasa,COD_Kinshasa_Kinshasa-Ouest,COD,Ab6jrKWO5EZ,2024,CIESIN GRID3,multiple data sources,Kinshasa_001,0.027246876419327,0.000042208497826,15.306431642000064,-4.349397499999952,15.313756166000076,-4.339542784999935
COD_Kinshasa_Kinshasa-Ouest_Kokolo,Kinshasa,Kinshasa-Ouest,Kokolo,COD_Kinshasa,COD_Kinshasa_Kinshasa-Ouest,COD,Ab6jrKWO5EZ,2024,CIESIN GRID3,multiple data sources,Kinshasa_001,0.028399023323791,0.000033554345999,15.253728021000029,-4.344945861999975,15.262186811000049,-4.336947169999974
COD_Kinshasa_Kinshasa-Ouest_Kokolo,Kinshasa,Kinshasa-Ouest,Kokolo,COD_Kinshasa,COD_Kinshasa_Kinshasa-Ouest,COD,Ab6jrKWO5EZ,2024,CIESIN GRID3,multiple data sources,Kinshasa_001,0.064472832820674,0.000212770388445,15.230855036000037,-4.341848502999937,15.252412754000034,-4.324701507999976
COD_Kinshasa_Kinshasa-Ouest_Kokolo,Kinshasa,Kinshasa-Ouest,Kokolo,COD_Kinshasa,COD_Kinshasa_Kinshasa-Ouest,COD,Ab6jrKWO5EZ,2024,CIESIN GRID3,multiple data sources,Kinshasa_001,0.066907578571740,0.000241749088160,15.276667939000049,-4.340975237999942,15.296498588000077,-4.322973775999969
COD_Kinshasa_Kinshasa-Ouest_Kokolo,Kinshasa,Kinshasa-Ouest,Kokolo,COD_Kinshasa,COD_Kinshasa_Kinshasa-Ouest,COD,Ab6jrKWO5EZ,2024,CIESIN GRID3,multiple data sources,Kinshasa_001,0.059972542592465,0.000061831054814,15.319072000000062,-4.327852824999979,15.343797245000076,-4.319926291999934
COD_Kinshasa_Kinshasa-Ouest_Lingwala,Kinshasa,Kinshasa-Ouest,Lingwala,COD_Kinshasa,COD_Kinshasa_Kinshasa-Ouest,COD,qbe5m6fVfMT,2024,CIESIN GRID3,multiple data sources,Kinshasa_001,0.065462080018297,0.000221040876546,15.292187435000073,-4.336865144999933,15.307824809000067,-4.313688544999934
COD_Kinshasa_Kinshasa-Ouest_Mont-Ngafula-1,Kinshasa,Kinshasa-Ouest,Mont Ngafula 1,COD_Kinshasa,COD_Kinshasa_Kinshasa-Ouest,COD,ubl3NORPhsC,2024,CIESIN GRID3,multiple data sources,Kinshasa_001,0.907517493872305,0.027749505439771,15.193172077000042,-4.648681691999968,15.408145058000059,-4.395121972999959
COD_Kinshasa_Kinshasa-Ouest_Mont-Ngafula-2,Kinshasa,Kinshasa-Ouest,Mont Ngafula 2,COD_Kinshasa,COD_Kinshasa_Kinshasa-Ouest,COD,gMhYDNcoZSe,2024,CIESIN GRID3,multiple data sources,Kinshasa_001,0.560219691332415,0.008056485026251,15.161556645000076,-4.506280460999960,15.257972925000047,-4.338460367999971
COD_Kinshasa_Kinshasa-Ouest_Police,Kinshasa,Kinshasa-Ouest,Police,COD_Kinshasa,COD_Kinshasa_Kinshasa-Ouest,COD,kyBo3gA8qoh,2025,CIESIN GRID3,multiple data sources,Kinshasa_001,0.005652366874036,0.000001846368512,15.206682421000039,-4.501256723999973,15.207850399000051,-4.499216084999944
COD_Kinshasa_Kinshasa-Ouest_Police,Kinshasa,Kinshasa-Ouest,Police,COD_Kinshasa,COD_Kinshasa_Kinshasa-Ouest,COD,kyBo3gA8qoh,2025,CIESIN GRID3,multiple data sources,Kinshasa_001,0.039954228134801,0.000052532171502,15.219048333000046,-4.462413806999962,15.228863333000049,-4.450040371999933
COD_Kinshasa_Kinshasa-Ouest_Police,Kinshasa,Kinshasa-Ouest,Police,COD_Kinshasa,COD_Kinshasa_Kinshasa-Ouest,COD,kyBo3gA8qoh,2025,CIESIN GRID3,multiple data sources,Kinshasa_001,0.024491124192040,0.000022649105512,15.427635967000072,-4.406868930999963,15.435496128000068,-4.400272836999932
COD_Kinshasa_Kinshasa-Ouest_Police,Kinshasa,Kinshasa-Ouest,Police,COD_Kinshasa,COD_Kinshasa_Kinshasa-Ouest,COD,kyBo3gA8qoh,2025,CIESIN GRID3,multiple data sources,Kinshasa_001,0.025385799144466,0.000023319447792,15.334481031000053,-4.392271819999962,15.340808600000059,-4.382306438999933
COD_Kinshasa_Kinshasa-Ouest_Police,Kinshasa,Kinshasa-Ouest,Police,COD_Kinshasa,COD_Kinshasa_Kinshasa-Ouest,COD,kyBo3gA8qoh,2025,CIESIN GRID3,multiple data sources,Kinshasa_001,0.028458492336486,0.000043705243893,15.487513644000046,-4.378966603999970,15.495577261000051,-4.368129805999956
COD_Kinshasa_Kinshasa-Ouest_Police,Kinshasa,Kinshasa-Ouest,Police,COD_Kinshasa,COD_Kinshasa_Kinshasa-Ouest,COD,kyBo3gA8qoh,2025,CIESIN GRID3,multiple data sources,Kinshasa_001,0.009165760496132,0.000004885518883,15.300603975000058,-4.315679228999954,15.303377084000033,-4.313023090999934
COD_Kinshasa_Kinshasa-Ouest_Police,Kinshasa,Kinshasa-Ouest,Police,COD_Kinshasa,COD_Kinshasa_Kinshasa-Ouest,COD,kyBo3gA8qoh,2025,CIESIN GRID3,multiple data sources,Kinshasa_001,0.028820889792763,0.000037291787592,15.553510250000045,-4.061606534999953,15.561579668000036,-4.053613304999942
COD_Kinshasa_Kinshasa-Ouest_Selembao,Kinshasa,Kinshasa-Ouest,Selembao,COD_Kinshasa,COD_Kinshasa_Kinshasa-Ouest,COD,nbSOIch7Mbc,2024,CIESIN GRID3,multiple data sources,Kinshasa_001,0.250676457188387,0.001643260958117,15.255178901000022,-4.442739604999929,15.301232560000074,-4.357155603999956
COD_Kongo-Central_Boma_Boma,Kongo-Central,Boma,Boma,COD_Kongo-Central,COD_Kongo-Central_Boma,COD,djWn21U4AVy,2025,CIESIN GRID3,multiple data sources,Kongo-Central_001,0.490788691348614,0.008704231763577,12.980688760000021,-5.872591478999936,13.132783716000063,-5.760708745999978
COD_Kongo-Central_Boma_Boma-Bungu,Kongo-Central,Boma,Boma Bungu,COD_Kongo-Central,COD_Kongo-Central_Boma,COD,vquecO03tD0,2025,CIESIN GRID3,multiple data sources,Kongo-Central_001,3.051113892170171,0.197980659313480,12.635364024000069,-6.001738451999927,13.372348941000041,-5.501055150999946
COD_Kongo-Central_Boma_Kangu,Kongo-Central,Boma,Kangu,COD_Kongo-Central,COD_Kongo-Central_Boma,COD,bV04pTUIL8A,2025,CIESIN GRID3,multiple data sources,Kongo-Central_001,1.727667742364460,0.073802781757918,12.527804311000068,-5.390433141999949,13.040101048000054,-5.109624606999944
COD_Kongo-Central_Boma_Kinkonzi,Kongo-Central,Boma,Kinkonzi,COD_Kongo-Central,COD_Kongo-Central_Boma,COD,F1WHo6oyNag,2025,CIESIN GRID3,multiple data sources,Kongo-Central_001,1.991212366658300,0.087688508884594,12.978147650000039,-5.097173240999950,13.382964401000038,-4.583154623999974
COD_Kongo-Central_Boma_Kitona,Kongo-Central,Boma,Kitona,COD_Kongo-Central,COD_Kongo-Central_Boma,COD,ADqfcJ05GHD,2025,CIESIN GRID3,multiple data sources,Kongo-Central_001,1.380309806078915,0.035083217255609,12.378105708000021,-6.074536320999925,12.735280839000040,-5.874505506999981
COD_Kongo-Central_Boma_Kizu,Kongo-Central,Boma,Kizu,COD_Kongo-Central,COD_Kongo-Central_Boma,COD,TQ5nmMVD9uY,2025,CIESIN GRID3,multiple data sources,Kongo-Central_001,1.170379521193006,0.033313022832577,12.846090903000061,-5.159420558999955,13.099497936000034,-4.868571390999932
COD_Kongo-Central_Boma_Kuimba,Kongo-Central,Boma,Kuimba,COD_Kongo-Central,COD_Kongo-Central_Boma,COD,ZekPSH5fUQ0,2025,CIESIN GRID3,multiple data sources,Kongo-Central_001,1.537056569468984,0.053089849714930,12.463464338000051,-5.146117590999950,12.919135322000045,-4.889487689999953
COD_Kongo-Central_Boma_Lukula,Kongo-Central,Boma,Lukula,COD_Kongo-Central,COD_Kongo-Central_Boma,COD,KlQNBFiC8Cf,2025,CIESIN GRID3,multiple data sources,Kongo-Central_001,3.301747526608042,0.208597981085581,12.522760123000069,-5.678920614999981,13.243976538000027,-5.171318350999968
COD_Kongo-Central_Boma_Muanda,Kongo-Central,Boma,Muanda,COD_Kongo-Central,COD_Kongo-Central_Boma,COD,Zbg4fiy6f3t,2025,CIESIN GRID3,multiple data sources,Kongo-Central_001,1.891843105302959,0.092094610931965,12.200874964000036,-6.003363093999951,12.704532921000066,-5.649113017999980
COD_Kongo-Central_Boma_Tshela,Kongo-Central,Boma,Tshela,COD_Kongo-Central,COD_Kongo-Central_Boma,COD,hniXpSX7Zrq,2025,CIESIN GRID3,multiple data sources,Kongo-Central_001,1.323476570705248,0.054332150360829,12.746924934000049,-5.047794320999969,13.044841406000046,-4.710708008999973
COD_Kongo-Central_Boma_Vaku,Kongo-Central,Boma,Vaku,COD_Kongo-Central,COD_Kongo-Central_Boma,COD,ZRDAZVZ4HMV,2025,CIESIN GRID3,multiple data sources,Kongo-Central_001,1.938737283137476,0.047931902678186,12.773099531000071,-5.350937868999949,13.215310839000040,-5.045192638999936
COD_Kongo-Central_Matadi_Inga,Kongo-Central,Matadi,Inga,COD_Kongo-Central,COD_Kongo-Central_Matadi,COD,DD5m0lzETfF,2025,CIESIN GRID3,multiple data sources,Kongo-Central_001,2.288836337507159,0.134033096884757,13.328319045000057,-5.805100249999953,13.658652692000032,-5.128123634999952
COD_Kongo-Central_Matadi_Kibunzi,Kongo-Central,Matadi,Kibunzi,COD_Kongo-Central,COD_Kongo-Central_Matadi,COD,zuuFyMjjK7i,2025,CIESIN GRID3,multiple data sources,Kongo-Central_001,2.733954487934175,0.197344416517952,13.410636207000039,-5.332776249999938,13.989656145000026,-4.704635511999925
COD_Kongo-Central_Matadi_Luozi,Kongo-Central,Matadi,Luozi,COD_Kongo-Central,COD_Kongo-Central_Matadi,COD,DaXi5vRLqh3,2025,CIESIN GRID3,multiple data sources,Kongo-Central_001,2.974460675663673,0.196171349787256,13.688296585000046,-5.143649943999947,14.289229458000023,-4.420714597999961
COD_Kongo-Central_Matadi_Mangembo,Kongo-Central,Matadi,Mangembo,COD_Kongo-Central,COD_Kongo-Central_Matadi,COD,muQLQumKnyM,2025,CIESIN GRID3,multiple data sources,Kongo-Central_001,2.700423164632405,0.185284169934998,13.944794204000061,-4.951429088999930,14.480721827000025,-4.278261927999949
COD_Kongo-Central_Matadi_Matadi,Kongo-Central,Matadi,Matadi,COD_Kongo-Central,COD_Kongo-Central_Matadi,COD,pFhuqRaXTSO,2025,CIESIN GRID3,multiple data sources,Kongo-Central_001,0.733754955963421,0.015186795781756,13.317969964000042,-5.909038093999925,13.514768700000047,-5.747818965999954
COD_Kongo-Central_Matadi_Nsona-Mpangu,Kongo-Central,Matadi,Nsona Mpangu,COD_Kongo-Central,COD_Kongo-Central_Matadi,COD,n0NjjahdTLk,2025,CIESIN GRID3,multiple data sources,Kongo-Central_001,3.456645424384825,0.363845709393877,13.482546080000077,-5.886211744999969,14.276523762000068,-5.218492869999977
COD_Kongo-Central_Matadi_Nzanza,Kongo-Central,Matadi,Nzanza,COD_Kongo-Central,COD_Kongo-Central_Matadi,COD,JBCsFIBR2IO,2025,CIESIN GRID3,multiple data sources,Kongo-Central_001,0.208826366899058,0.001167102867367,13.441558287000078,-5.836861934999945,13.506234819000042,-5.801517941999975
COD_Kongo-Central_Matadi_Seke-Banza,Kongo-Central,Matadi,Seke Banza,COD_Kongo-Central,COD_Kongo-Central_Matadi,COD,fWrUdkX9JEv,2025,CIESIN GRID3,multiple data sources,Kongo-Central_001,2.962317010853221,0.166610249786331,13.098778663000076,-5.655055138999955,13.545974720000061,-4.870102989999964
COD_Kongo-Central_Mbanza-Ngungu_Boko-Kivulu,Kongo-Central,Mbanza Ngungu,Boko Kivulu,COD_Kongo-Central,COD_Kongo-Central_Mbanza-Ngungu,COD,VGFWIr5Rx1D,2025,CIESIN GRID3,multiple data sources,Kongo-Central_001,2.934004472020225,0.166280357441060,14.747068252000076,-5.659775689999947,15.259601716000077,-5.009109967999962
COD_Kongo-Central_Mbanza-Ngungu_Gombe-Matadi,Kongo-Central,Mbanza Ngungu,Gombe Matadi,COD_Kongo-Central,COD_Kongo-Central_Mbanza-Ngungu,COD,MjmIRJaAC1H,2025,CIESIN GRID3,multiple data sources,Kongo-Central_001,3.730317922915486,0.243500937076706,14.170406943000046,-5.441892053999936,15.095128851000027,-4.763244676999932
COD_Kongo-Central_Mbanza-Ngungu_Kimpangu,Kongo-Central,Mbanza Ngungu,Kimpangu,COD_Kongo-Central,COD_Kongo-Central_Mbanza-Ngungu,COD,bBTWb8cD9Z3,2025,CIESIN GRID3,multiple data sources,Kongo-Central_001,2.246203007480866,0.110300529582306,14.620670882000070,-5.898577578999948,15.246984009000073,-5.529283086999953
COD_Kongo-Central_Mbanza-Ngungu_Kimpese,Kongo-Central,Mbanza Ngungu,Kimpese,COD_Kongo-Central,COD_Kongo-Central_Mbanza-Ngungu,COD,XXKTLp8q7wJ,2025,CIESIN GRID3,multiple data sources,Kongo-Central_001,4.280668320089872,0.294404958884742,13.962183621000065,-5.904595749999942,14.654799260000061,-4.937693158999934
COD_Kongo-Central_Mbanza-Ngungu_Kimvula,Kongo-Central,Mbanza Ngungu,Kimvula,COD_Kongo-Central,COD_Kongo-Central_Mbanza-Ngungu,COD,ZSbsXl7Zsf8,2025,CIESIN GRID3,multiple data sources,Kongo-Central_001,2.973929484066970,0.305154799562390,15.731342878000078,-5.877763151999943,16.256582211000023,-4.995242789999963
COD_Kongo-Central_Mbanza-Ngungu_Kisantu,Kongo-Central,Mbanza Ngungu,Kisantu,COD_Kongo-Central,COD_Kongo-Central_Mbanza-Ngungu,COD,pZobW0wXW6e,2025,CIESIN GRID3,multiple data sources,Kongo-Central_001,2.766880685126274,0.114624160108257,15.029727926000078,-5.386739995999960,15.540692782000065,-4.876538948999951
COD_Kongo-Central_Mbanza-Ngungu_Kwilu-Ngongo,Kongo-Central,Mbanza Ngungu,Kwilu Ngongo,COD_Kongo-Central,COD_Kongo-Central_Mbanza-Ngungu,COD,DZV9ipxIsg1,2025,CIESIN GRID3,multiple data sources,Kongo-Central_001,2.304880292946969,0.143203451067016,14.458899435000035,-5.773685131999969,14.987228851000054,-5.240229285999931
COD_Kongo-Central_Mbanza-Ngungu_Massa,Kongo-Central,Mbanza Ngungu,Massa,COD_Kongo-Central,COD_Kongo-Central_Mbanza-Ngungu,COD,yb4Q3Xo1EUo,2025,CIESIN GRID3,multiple data sources,Kongo-Central_001,3.211393924049476,0.158493653932220,14.886012240000071,-4.863840593999953,15.785146806000057,-4.407802704999938
COD_Kongo-Central_Mbanza-Ngungu_Mbanza-Ngungu,Kongo-Central,Mbanza Ngungu,Mbanza Ngungu,COD_Kongo-Central,COD_Kongo-Central_Mbanza-Ngungu,COD,PDfWsEoWLcy,2025,CIESIN GRID3,multiple data sources,Kongo-Central_001,1.149035920062573,0.046294116149755,14.647886886000038,-5.392310084999963,14.932489625000073,-5.088488261999942
COD_Kongo-Central_Mbanza-Ngungu_Ngidinga,Kongo-Central,Mbanza Ngungu,Ngidinga,COD_Kongo-Central,COD_Kongo-Central_Mbanza-Ngungu,COD,fuiphWnOGii,2025,CIESIN GRID3,multiple data sources,Kongo-Central_001,2.862858575172301,0.275224379713690,15.085439621000035,-5.869874174999950,15.848703604000036,-5.356779290999953
COD_Kongo-Central_Mbanza-Ngungu_Nselo,Kongo-Central,Mbanza Ngungu,Nselo,COD_Kongo-Central,COD_Kongo-Central_Mbanza-Ngungu,COD,TqMyBh0yNwZ,2025,CIESIN GRID3,multiple data sources,Kongo-Central_001,3.793163603815128,0.275483154022216,15.234332890000076,-5.498506843999962,16.032840810000039,-4.855455123999945
COD_Kongo-Central_Mbanza-Ngungu_Sona-Bata,Kongo-Central,Mbanza Ngungu,Sona Bata,COD_Kongo-Central,COD_Kongo-Central_Mbanza-Ngungu,COD,RJDVdKIftDZ,2025,CIESIN GRID3,multiple data sources,Kongo-Central_001,3.165160848971386,0.148667470694483,14.865383297000051,-5.053189284999974,15.705896262000067,-4.684685556999966
COD_Kwango_Kahemba_Kahemba,Kwango,Kahemba,Kahemba,COD_Kwango,COD_Kwango_Kahemba,COD,KG_ZI5aQcbNyT,2025,CIESIN,multiple data sources,Kwango_001,7.148467196541362,0.955630780707761,18.768036900000027,-7.999999999999943,19.975226881000026,-6.249020937999944
COD_Kwango_Kahemba_Kajiji,Kwango,Kahemba,Kajiji,COD_Kwango,COD_Kwango_Kahemba,COD,KG_BekhhFKd6T,2025,CIESIN,multiple data sources,Kwango_001,6.815041556336082,0.672413150339734,17.860346255000024,-8.096583999999950,19.092696500000045,-6.734722413999975
COD_Kwango_Kahemba_Kisanji,Kwango,Kahemba,Kisanji,COD_Kwango,COD_Kwango_Kahemba,COD,KG_nEv149zsa4,2025,CIESIN,multiple data sources,Kwango_001,4.129881521297093,0.426215739969605,18.573905800000034,-6.916677307999976,19.378390424000031,-6.025196899999969
COD_Kwango_Kahemba_Panzi,Kwango,Kahemba,Panzi,COD_Kwango,COD_Kwango_Kahemba,COD,KG_cR06BVwgLL,2025,CIESIN,multiple data sources,Kwango_001,5.894386189400759,0.837409527167234,17.427623300000050,-7.820946699999979,18.621270899000024,-6.459702089999951
COD_Kwango_Kahemba_Tembo,Kwango,Kahemba,Tembo,COD_Kwango,COD_Kwango_Kahemba,COD,KG_0kuo9rNkUm,2025,CIESIN,multiple data sources,Kwango_001,4.383281688741597,0.499412335760050,17.100805000000037,-8.130430999999930,18.042842700000051,-7.024980631999938
COD_Kwango_Kenge_Boko,Kwango,Kenge,Boko,COD_Kwango,COD_Kwango_Kenge,COD,KG_UEYUI9FaP2,2025,CIESIN,multiple data sources,Kwango_001,5.462926969620445,0.627036836138192,16.240055557000062,-5.606907455999931,17.119818100000032,-4.322431892999930
COD_Kwango_Kenge_Feshi,Kwango,Kenge,Feshi,COD_Kwango,COD_Kwango_Kenge,COD,KG_YmYhqkBgWa,2025,CIESIN,multiple data sources,Kwango_001,5.291637432162251,0.685610502948173,17.684892611000066,-6.892768260999958,18.700880452000035,-5.626054677999946
COD_Kwango_Kenge_Kasongo-Lunda,Kwango,Kenge,Kasongo Lunda,COD_Kwango,COD_Kwango_Kenge,COD,KG_gvz9xOsBJS,2025,CIESIN,multiple data sources,Kwango_001,3.015223843813683,0.345234073631881,16.675197000000026,-6.938141597999959,17.292353846000026,-6.060427599999969
COD_Kwango_Kenge_Kenge,Kwango,Kenge,Kenge,COD_Kwango,COD_Kwango_Kenge,COD,KG_IL9XBnR44I,2025,CIESIN,multiple data sources,Kwango_001,4.359488100283715,0.435585992183988,16.918076348000056,-5.217134586999975,17.806571110000050,-4.218108420999954
COD_Kwango_Kenge_Kimbao,Kwango,Kenge,Kimbao,COD_Kwango,COD_Kwango_Kenge,COD,KG_HlYhnJfUtz,2025,CIESIN,multiple data sources,Kwango_001,4.189352239832325,0.384474114805814,16.895365643000048,-5.930040268999960,17.540201237000076,-4.976569524999945
COD_Kwango_Kenge_Kitenda,Kwango,Kenge,Kitenda,COD_Kwango,COD_Kwango_Kenge,COD,KG_wgfRNgfHWO,2025,CIESIN,multiple data sources,Kwango_001,3.121636199639114,0.334504237517325,16.896711000000039,-7.349384998999938,17.596262200000069,-6.640987486999961
COD_Kwango_Kenge_Mwela-Lembwa,Kwango,Kenge,Mwela Lembwa,COD_Kwango,COD_Kwango_Kenge,COD,KG_FPCGbTQfkE,2025,CIESIN,multiple data sources,Kwango_001,3.604793526579243,0.381813187295575,17.304093608000073,-6.634593882999980,18.109060731000056,-5.680269093999925
COD_Kwango_Kenge_Popokabaka,Kwango,Kenge,Popokabaka,COD_Kwango,COD_Kwango_Kenge,COD,KG_xhZlnpInkd,2025,CIESIN,multiple data sources,Kwango_001,5.316107073526899,0.551518707820423,16.113787090000073,-6.140384861999962,17.185728600000061,-4.882237758999963
COD_Kwango_Kenge_Wamba-Lwadi,Kwango,Kenge,Wamba Lwadi,COD_Kwango,COD_Kwango_Kenge,COD,KG_ax3Fe9B5YN,2025,CIESIN,multiple data sources,Kwango_001,3.105981940256731,0.208081866334011,17.107520380000039,-6.724365270999954,17.566762469000025,-5.884901628999955
COD_Kwilu_Bandundu_Bagata,Kwilu,Bandundu,Bagata,COD_Kwilu,COD_Kwilu_Bandundu,COD,k06WV7FTN9D,2024,CIESIN GRID3,multiple data sources,Kwilu_001,3.505716663875090,0.457202367194218,17.500660996000022,-4.246751337999967,18.318196119000049,-3.356398741999953
COD_Kwilu_Bandundu_Bandundu,Kwilu,Bandundu,Bandundu,COD_Kwilu,COD_Kwilu_Bandundu,COD,KJPFKwgcqyd,2024,CIESIN GRID3,multiple data sources,Kwilu_001,2.287484133792062,0.149265634105547,17.272202090000064,-3.827228639999930,17.744742228000064,-3.223748249999971
COD_Kwilu_Bandundu_Djuma,Kwilu,Bandundu,Djuma,COD_Kwilu,COD_Kwilu_Bandundu,COD,IgSLfQbGSnF,2024,CIESIN GRID3,multiple data sources,Kwilu_001,3.122978491570410,0.270569432628535,18.073458973000072,-4.485787051999978,19.117744717000051,-3.959831090999955
COD_Kwilu_Bandundu_Kikongo,Kwilu,Bandundu,Kikongo,COD_Kwilu,COD_Kwilu_Bandundu,COD,DrEgd3k7YFu,2024,CIESIN GRID3,multiple data sources,Kwilu_001,5.141270525130921,0.545744150258505,16.479207698000039,-4.559282938999957,17.892356819000042,-3.641329764999966
COD_Kwilu_Bandundu_Sia,Kwilu,Bandundu,Sia,COD_Kwilu,COD_Kwilu_Bandundu,COD,poOqTlUDT0A,2024,CIESIN GRID3,multiple data sources,Kwilu_001,2.905721715117111,0.243339720754380,18.074605101000031,-4.129690198999981,18.864959069000065,-3.416804558999956
COD_Kwilu_Bandundu_Vanga,Kwilu,Bandundu,Vanga,COD_Kwilu,COD_Kwilu_Bandundu,COD,fXTBfVcge4w,2024,CIESIN GRID3,multiple data sources,Kwilu_001,2.545577384398681,0.199223055970804,18.116771335000067,-4.790796814999965,18.759549977000063,-4.213441134999925
COD_Kwilu_Kikwit_Bulungu,Kwilu,Kikwit,Bulungu,COD_Kwilu,COD_Kwilu_Kikwit,COD,e6Wpbl5nqcD,2024,CIESIN GRID3,multiple data sources,Kwilu_001,3.568001708340216,0.282456747702777,18.346711941000024,-4.883983283999953,19.254980900000078,-4.309943204999968
COD_Kwilu_Kikwit_Gungu,Kwilu,Kikwit,Gungu,COD_Kwilu,COD_Kwilu_Kikwit,COD,GuAIPcinFIj,2024,CIESIN GRID3,multiple data sources,Kwilu_001,4.090783011149374,0.344469844440913,18.942223647000048,-6.358800161999966,19.740843332000054,-5.481610635999971
COD_Kwilu_Kikwit_Idiofa,Kwilu,Kikwit,Idiofa,COD_Kwilu,COD_Kwilu_Kikwit,COD,riGgtQ9beB5,2024,CIESIN GRID3,multiple data sources,Kwilu_001,4.184949529609511,0.402955011455027,19.071816132000038,-5.728852380999967,19.818994278000048,-4.586174985999946
COD_Kwilu_Kikwit_Ipamu,Kwilu,Kikwit,Ipamu,COD_Kwilu,COD_Kwilu_Kikwit,COD,jSLnBqCXCzW,2024,CIESIN GRID3,multiple data sources,Kwilu_001,2.720544578538975,0.272083547426687,19.381403874000057,-4.708672524999940,20.123896502000036,-3.941442027999926
COD_Kwilu_Kikwit_Kikwit-Nord,Kwilu,Kikwit,Kikwit Nord,COD_Kwilu,COD_Kwilu_Kikwit,COD,GaaOhIJU3Bx,2024,CIESIN GRID3,multiple data sources,Kwilu_001,0.665854851103676,0.010411027042070,18.768661148000035,-5.083571154999959,18.937267756000040,-4.956403426999941
COD_Kwilu_Kikwit_Kikwit-Sud,Kwilu,Kikwit,Kikwit Sud,COD_Kwilu,COD_Kwilu_Kikwit,COD,Y8Hlj8DpZHc,2024,CIESIN GRID3,multiple data sources,Kwilu_001,0.609767499375476,0.006986017143356,18.730818920000047,-5.111656397999980,18.877177883000059,-5.012159336999957
COD_Kwilu_Kikwit_Kimputu,Kwilu,Kikwit,Kimputu,COD_Kwilu,COD_Kwilu_Kikwit,COD,GaFyM05saxx,2024,CIESIN GRID3,multiple data sources,Kwilu_001,2.938591975450491,0.233887816832866,19.166230116000065,-4.837592508999933,19.630304064000029,-4.002808471999970
COD_Kwilu_Kikwit_Kingandu,Kwilu,Kikwit,Kingandu,COD_Kwilu,COD_Kwilu_Kikwit,COD,QVjGTE0nOen,2024,CIESIN GRID3,multiple data sources,Kwilu_001,4.424688448843642,0.327989079122450,18.307543393000060,-6.311875254999961,19.097988119000036,-5.303748054999971
COD_Kwilu_Kikwit_Koshibanda,Kwilu,Kikwit,Koshibanda,COD_Kwilu,COD_Kwilu_Kikwit,COD,O3KmMLK10ru,2024,CIESIN GRID3,multiple data sources,Kwilu_001,3.556868798066775,0.357569895604990,19.548896300000024,-5.646783230999972,20.205134500000042,-4.590844959999970
COD_Kwilu_Kikwit_Lusanga,Kwilu,Kikwit,Lusanga,COD_Kwilu,COD_Kwilu_Kikwit,COD,WziDY5wD1fX,2024,CIESIN GRID3,multiple data sources,Kwilu_001,4.747339420107988,0.354843664472866,18.291092940000055,-5.414771736999967,19.170657255000037,-4.731013063999967
COD_Kwilu_Kikwit_Masi-Manimba,Kwilu,Kikwit,Masi Manimba,COD_Kwilu,COD_Kwilu_Kikwit,COD,VYlgP4yyY7F,2024,CIESIN GRID3,multiple data sources,Kwilu_001,2.601093366364291,0.219918599839290,17.489818409000065,-5.202178661999938,18.103972604000035,-4.666755255999931
COD_Kwilu_Kikwit_Moanza,Kwilu,Kikwit,Moanza,COD_Kwilu,COD_Kwilu_Kikwit,COD,N1K2MB4mUJ8,2024,CIESIN GRID3,multiple data sources,Kwilu_001,2.812659376393734,0.261360082514731,17.456484549000038,-5.717325018999929,18.083128955000063,-5.131422198999928
COD_Kwilu_Kikwit_Mokala,Kwilu,Kikwit,Mokala,COD_Kwilu,COD_Kwilu_Kikwit,COD,tPnKr9Z2phW,2024,CIESIN GRID3,multiple data sources,Kwilu_001,2.649839253238514,0.263617693421645,18.682226805000028,-4.353863412999942,19.412535039000034,-3.678033693999964
COD_Kwilu_Kikwit_Mosango,Kwilu,Kikwit,Mosango,COD_Kwilu,COD_Kwilu_Kikwit,COD,JRaVxSGfJ9Z,2024,CIESIN GRID3,multiple data sources,Kwilu_001,2.811331681714761,0.211903078530613,17.922815824000054,-5.404467042999954,18.374483636000036,-4.573801051999965
COD_Kwilu_Kikwit_Mukedi,Kwilu,Kikwit,Mukedi,COD_Kwilu,COD_Kwilu_Kikwit,COD,Tt1rjDuQtRh,2024,CIESIN GRID3,multiple data sources,Kwilu_001,3.073865422982486,0.341348299224959,19.407922066000026,-6.119431769999949,20.182210171000065,-5.296942602999934
COD_Kwilu_Kikwit_Mungindu,Kwilu,Kikwit,Mungindu,COD_Kwilu,COD_Kwilu_Kikwit,COD,CyHuq664hCU,2024,CIESIN GRID3,multiple data sources,Kwilu_001,2.749634310370302,0.205678903029018,18.818387285000028,-5.876071743999944,19.369348372000047,-5.149458012999958
COD_Kwilu_Kikwit_Pay-Kongila,Kwilu,Kikwit,Pay Kongila,COD_Kwilu,COD_Kwilu_Kikwit,COD,smw3DtURc1n,2024,CIESIN GRID3,multiple data sources,Kwilu_001,4.285118030817316,0.271371975131753,17.900926147000064,-5.905952672999945,18.661638108000034,-5.171100773999967
COD_Kwilu_Kikwit_Yasa-Bonga,Kwilu,Kikwit,Yasa Bonga,COD_Kwilu,COD_Kwilu_Kikwit,COD,NxFuYzZy7Bn,2024,CIESIN GRID3,multiple data sources,Kwilu_001,2.725604606963733,0.217752239938473,17.595771155000023,-4.766385678999939,18.181989144000056,-4.128471388999969
COD_Lomami_Kabinda_Kabinda,Lomami,Kabinda,Kabinda,COD_Lomami,COD_Lomami_Kabinda,COD,S7r6j8vvjBa,2024,CIESIN GRID3,multiple data sources,Lomami_001,4.139204703275201,0.456100578618478,23.916823963000070,-6.636508149999941,24.907302310000034,-5.822717697999963
COD_Lomami_Kabinda_Kalambayi-Kabanga,Lomami,Kabinda,Kalambayi Kabanga,COD_Lomami,COD_Lomami_Kabinda,COD,hyVNQXTLM57,2024,CIESIN GRID3,multiple data sources,Lomami_001,3.727792149043725,0.312900892218470,23.895044877000032,-7.051567900999942,24.852462360000061,-6.379215150999926
COD_Lomami_Kabinda_Kalonda-Est,Lomami,Kabinda,Kalonda Est,COD_Lomami,COD_Lomami_Kabinda,COD,HDHPGpYow9n,2024,CIESIN GRID3,multiple data sources,Lomami_001,4.153097931306459,0.343862937338852,24.700230209000040,-6.819834090999962,25.475852266000061,-5.986561599999959
COD_Lomami_Kabinda_Kamana,Lomami,Kabinda,Kamana,COD_Lomami,COD_Lomami_Kabinda,COD,KxcxIF0z6y3,2024,CIESIN GRID3,multiple data sources,Lomami_001,5.086450888872842,0.629528626218496,24.736631787000078,-6.306663192999963,25.999839595000026,-5.391935726999975
COD_Lomami_Kabinda_Lubao,Lomami,Kabinda,Lubao,COD_Lomami,COD_Lomami_Kabinda,COD,hhPQBTvWnWR,2024,CIESIN GRID3,multiple data sources,Lomami_001,7.367840380265219,0.608265901956358,25.334084729000040,-6.305610273999946,26.280756863000079,-4.919454125999948
COD_Lomami_Kabinda_Ludimbi-Lukula,Lomami,Kabinda,Ludimbi Lukula,COD_Lomami,COD_Lomami_Kabinda,COD,v92Jk9YbTsC,2024,CIESIN GRID3,multiple data sources,Lomami_001,4.539718330740005,0.439127980350452,24.025075556000047,-6.102918227999965,24.976484349000032,-5.312086484999952
COD_Lomami_Kabinda_Mulumba,Lomami,Kabinda,Mulumba,COD_Lomami,COD_Lomami_Kabinda,COD,Ca5EitY4zzl,2024,CIESIN GRID3,multiple data sources,Lomami_001,1.670451173387732,0.072630598971380,23.730081276000078,-6.793135479999933,24.053645895000045,-6.366720552999936
COD_Lomami_Kabinda_Ngandajika,Lomami,Kabinda,Ngandajika,COD_Lomami,COD_Lomami_Kabinda,COD,TQFaajAiBvD,2024,CIESIN GRID3,multiple data sources,Lomami_001,1.397868532641784,0.066970024434205,23.865115238000044,-6.932698550999930,24.199248681000029,-6.592475359999980
COD_Lomami_Kabinda_Tshofa,Lomami,Kabinda,Tshofa,COD_Lomami,COD_Lomami_Kabinda,COD,JMyFFcdmIMU,2024,CIESIN GRID3,multiple data sources,Lomami_001,4.356263304882121,0.464533779343877,24.582143437000070,-5.641532823999967,25.646348077000027,-4.865162267999949
COD_Lomami_Mweneditu_Kalenda,Lomami,Mweneditu,Kalenda,COD_Lomami,COD_Lomami_Mweneditu,COD,vnt8fprZWxI,2024,CIESIN GRID3,multiple data sources,Lomami_001,3.674849570986927,0.318716083590760,23.211646770000073,-7.944403520999970,23.693885508000051,-6.990178331999971
COD_Lomami_Mweneditu_Kamiji,Lomami,Mweneditu,Kamiji,COD_Lomami,COD_Lomami_Mweneditu,COD,rg471npPLBo,2024,CIESIN GRID3,multiple data sources,Lomami_001,2.051760944582310,0.114584695031451,23.009694163000063,-6.990318416999969,23.452357753000058,-6.528996799999959
COD_Lomami_Mweneditu_Kanda-Kanda,Lomami,Mweneditu,Kanda Kanda,COD_Lomami,COD_Lomami_Mweneditu,COD,LREYTGTn3sk,2024,CIESIN GRID3,multiple data sources,Lomami_001,3.296007188562408,0.200586783634383,23.317154942000059,-7.200061254999980,24.160125392000054,-6.644848937999939
COD_Lomami_Mweneditu_Luputa,Lomami,Mweneditu,Luputa,COD_Lomami,COD_Lomami_Mweneditu,COD,gYjfhzYH5ra,2024,CIESIN GRID3,multiple data sources,Lomami_001,3.642955972003307,0.295066171715586,23.561527895000040,-8.091397434999976,24.012154478000070,-7.052926278999962
COD_Lomami_Mweneditu_Makota,Lomami,Mweneditu,Makota,COD_Lomami,COD_Lomami_Mweneditu,COD,x0EmG1LRyjy,2024,CIESIN GRID3,multiple data sources,Lomami_001,0.280900155216481,0.001978116138946,23.412110443000074,-7.062708971999939,23.472628815000064,-6.981572992999929
COD_Lomami_Mweneditu_Mweneditu,Lomami,Mweneditu,Mweneditu,COD_Lomami,COD_Lomami_Mweneditu,COD,yft32K4WOYZ,2024,CIESIN GRID3,multiple data sources,Lomami_001,1.436568531386506,0.043583412220766,23.252371490000030,-7.062172819999944,23.555415129000039,-6.783156698999960
COD_Lomami_Mweneditu_Wikong,Lomami,Mweneditu,Wikong,COD_Lomami,COD_Lomami_Mweneditu,COD,gMiVopcM4An,2024,CIESIN GRID3,multiple data sources,Lomami_001,1.438090666795594,0.058572530541041,23.174428305000049,-8.065282454999931,23.459103369000047,-7.704471943999977
COD_Lualaba_Kisenge_Dilolo,Lualaba,Kisenge,Dilolo,COD_Lualaba,COD_Lualaba_Kisenge,COD,kwvvScW5Xgj,2025,CIESIN GRID3,multiple data sources,Lualaba_001,5.387625514626181,0.748250960724789,22.167036081000049,-11.264873706999936,23.032651299000065,-9.893634696999982
COD_Lualaba_Kisenge_Kafakumba,Lualaba,Kisenge,Kafakumba,COD_Lualaba,COD_Lualaba_Kisenge,COD,I42uxuyvTXt,2025,CIESIN GRID3,multiple data sources,Lualaba_001,4.670783383195728,0.883370322428279,23.257921754000051,-10.088099629999931,24.408990199000073,-8.752283540999940
COD_Lualaba_Kisenge_Kalamba,Lualaba,Kisenge,Kalamba,COD_Lualaba,COD_Lualaba_Kisenge,COD,Ux1WH67fWJJ,2025,CIESIN GRID3,multiple data sources,Lualaba_001,5.221114264705474,0.908914567833107,22.742681596000068,-9.171557321999956,23.699039244000062,-7.768794551999974
COD_Lualaba_Kisenge_Kapanga,Lualaba,Kisenge,Kapanga,COD_Lualaba,COD_Lualaba_Kisenge,COD,qdhfi48INZJ,2025,CIESIN GRID3,multiple data sources,Lualaba_001,5.563719174297613,1.072997317867918,21.751580768000053,-9.095973468999944,22.925751405000028,-7.657786888999965
COD_Lualaba_Kisenge_Kasaji,Lualaba,Kisenge,Kasaji,COD_Lualaba,COD_Lualaba_Kisenge,COD,kiFDojGFG3x,2025,CIESIN GRID3,multiple data sources,Lualaba_001,6.710593342081820,1.338111133020772,22.796202318000041,-11.113415744999941,24.414678717000072,-9.815214006999952
COD_Lualaba_Kisenge_Sandoa,Lualaba,Kisenge,Sandoa,COD_Lualaba,COD_Lualaba_Kisenge,COD,yIYFKwCgYVZ,2025,CIESIN GRID3,multiple data sources,Lualaba_001,7.092534537873281,1.548630344785130,21.791152601000078,-10.098139299999957,23.530995972000028,-8.590373882999927
COD_Lualaba_Kolwezi_Bunkeya,Lualaba,Kolwezi,Bunkeya,COD_Lualaba,COD_Lualaba_Kolwezi,COD,cw1CZyDiPyA,2025,CIESIN GRID3,multiple data sources,Lualaba_001,2.882931927584576,0.250507121211698,26.510422245000029,-10.607278964999978,27.146796701000028,-9.944902899999931
COD_Lualaba_Kolwezi_Dilala,Lualaba,Kolwezi,Dilala,COD_Lualaba,COD_Lualaba_Kolwezi,COD,mSQE0BqfXOy,2025,CIESIN GRID3,multiple data sources,Lualaba_001,1.459275993219177,0.045672911910746,25.249842287000035,-10.992153023999947,25.500453700000037,-10.600750538999932
COD_Lualaba_Kolwezi_Fungurume,Lualaba,Kolwezi,Fungurume,COD_Lualaba,COD_Lualaba_Kolwezi,COD,eWGgthNBOZ8,2025,CIESIN GRID3,multiple data sources,Lualaba_001,3.784690430920877,0.327466708620783,25.714003762000061,-10.978610622999952,26.656436446000043,-10.336992302999931
COD_Lualaba_Kolwezi_Kanzenze,Lualaba,Kolwezi,Kanzenze,COD_Lualaba,COD_Lualaba_Kolwezi,COD,yAdgorGUtcE,2025,CIESIN GRID3,multiple data sources,Lualaba_001,5.206966571120602,0.536737610097215,24.865324279000049,-11.259873181999978,25.568201325000075,-9.789839385999926
COD_Lualaba_Kolwezi_Lualaba,Lualaba,Kolwezi,Lualaba,COD_Lualaba,COD_Lualaba_Kolwezi,COD,uFV6BUpJi7E,2025,CIESIN GRID3,multiple data sources,Lualaba_001,6.032195926682383,0.552578918206124,25.227462175000028,-11.742848940999977,26.022535446000063,-10.274557197999968
COD_Lualaba_Kolwezi_Lubudi,Lualaba,Kolwezi,Lubudi,COD_Lualaba,COD_Lualaba_Kolwezi,COD,goYHUDWT3jn,2025,CIESIN GRID3,multiple data sources,Lualaba_001,5.356957309693069,0.804244461717087,25.387418671000034,-10.453969605999930,26.757033199000034,-9.482352933999948
COD_Lualaba_Kolwezi_Manika,Lualaba,Kolwezi,Manika,COD_Lualaba,COD_Lualaba_Kolwezi,COD,xMdqjEKgZLw,2025,CIESIN GRID3,multiple data sources,Lualaba_001,0.747869662772591,0.007662935391087,25.425541349000071,-10.777926028999957,25.560532117000037,-10.633154089999948
COD_Lualaba_Kolwezi_Mutshatsha,Lualaba,Kolwezi,Mutshatsha,COD_Lualaba,COD_Lualaba_Kolwezi,COD,S0Ne5rWQhxw,2025,CIESIN GRID3,multiple data sources,Lualaba_001,6.075994497336239,0.938447296822106,24.105119890000026,-11.467019117999939,25.071458425000060,-9.976140625999960
COD_Mai-Ndombe_Inongo_Banzow-Moke,Mai-Ndombe,Inongo,Banzow Moke,COD_Mai-Ndombe,COD_Mai-Ndombe_Inongo,COD,Vf0Hzcf5ux3,2025,CIESIN GRID3,multiple data sources,Mai-Ndombe_001,3.039396503557444,0.394121028815319,17.147483423000040,-2.191965667999966,18.157575095000027,-1.456394028999966
COD_Mai-Ndombe_Inongo_Inongo,Mai-Ndombe,Inongo,Inongo,COD_Mai-Ndombe,COD_Mai-Ndombe_Inongo,COD,PIT5UiywHIa,2025,CIESIN GRID3,multiple data sources,Mai-Ndombe_001,8.036974703265892,1.200530555655983,17.651803731000030,-2.683272339999974,19.183971894000024,-0.976434715999972
COD_Mai-Ndombe_Inongo_Kiri,Mai-Ndombe,Inongo,Kiri,COD_Mai-Ndombe,COD_Mai-Ndombe_Inongo,COD,dQ9r634pZZF,2025,CIESIN GRID3,multiple data sources,Mai-Ndombe_001,7.836904697854091,0.867469090503208,18.359114357000067,-2.693330003999961,19.927709810000067,-1.167417699999930
COD_Mai-Ndombe_Inongo_Mimia,Mai-Ndombe,Inongo,Mimia,COD_Mai-Ndombe,COD_Mai-Ndombe_Inongo,COD,IIMpZbLeAvx,2025,CIESIN GRID3,multiple data sources,Mai-Ndombe_001,6.497511317706958,1.390096914350909,19.164398614000049,-3.205809437999960,21.004836469000054,-1.925570723999954
COD_Mai-Ndombe_Inongo_Ntandembelo,Mai-Ndombe,Inongo,Ntandembelo,COD_Mai-Ndombe,COD_Mai-Ndombe_Inongo,COD,Kts0Ppbd4En,2025,CIESIN GRID3,multiple data sources,Mai-Ndombe_001,2.956632482141583,0.324937071114017,16.605733954000073,-2.480073026999946,17.375550650000037,-1.751145117999954
COD_Mai-Ndombe_Inongo_Oshwe,Mai-Ndombe,Inongo,Oshwe,COD_Mai-Ndombe,COD_Mai-Ndombe_Inongo,COD,ZOLJkw5FviP,2025,CIESIN GRID3,multiple data sources,Mai-Ndombe_001,6.640405855872470,1.902186742152874,18.814293689000067,-4.384773199999927,20.725648649000050,-2.779890100999978
COD_Mai-Ndombe_Inongo_Pendjwa,Mai-Ndombe,Inongo,Pendjwa,COD_Mai-Ndombe,COD_Mai-Ndombe_Inongo,COD,NyvJf4zd0Sj,2025,CIESIN GRID3,multiple data sources,Mai-Ndombe_001,3.299160742914266,0.368346787332558,18.777313800000059,-1.617609387999948,19.543424242000071,-0.711862877999977
COD_Mai-Ndombe_Inongo_Yumbi,Mai-Ndombe,Inongo,Yumbi,COD_Mai-Ndombe,COD_Mai-Ndombe_Inongo,COD,VOwZTRAt0Ak,2025,CIESIN GRID3,multiple data sources,Mai-Ndombe_001,3.301177897168450,0.220665248483572,16.297990476000052,-2.462418615999979,16.871980029000042,-1.240234056999952
COD_Mai-Ndombe_Nioki_Bokoro,Mai-Ndombe,Nioki,Bokoro,COD_Mai-Ndombe,COD_Mai-Ndombe_Nioki,COD,GcP2B8nmUVo,2025,CIESIN GRID3,multiple data sources,Mai-Ndombe_001,5.455463869598204,0.898922483325375,17.862417688000050,-3.505524823999963,19.220165335000047,-2.307629654999971
COD_Mai-Ndombe_Nioki_Bolobo,Mai-Ndombe,Nioki,Bolobo,COD_Mai-Ndombe,COD_Mai-Ndombe_Nioki,COD,MiaMAqYujLY,2025,CIESIN GRID3,multiple data sources,Mai-Ndombe_001,3.285688080081298,0.379627697562440,16.136668333000046,-3.183735041999967,16.710413835000054,-2.042033962999938
COD_Mai-Ndombe_Nioki_Bosobe,Mai-Ndombe,Nioki,Bosobe,COD_Mai-Ndombe,COD_Mai-Ndombe_Nioki,COD,DlpIIdkVKyg,2025,CIESIN GRID3,multiple data sources,Mai-Ndombe_001,2.539613781121834,0.264954093090013,18.328548332000025,-3.697929525999939,18.981102152000062,-3.018703635999941
COD_Mai-Ndombe_Nioki_Kwamouth,Mai-Ndombe,Nioki,Kwamouth,COD_Mai-Ndombe,COD_Mai-Ndombe_Nioki,COD,nTMZjDaAgBb,2025,CIESIN GRID3,multiple data sources,Mai-Ndombe_001,4.864141881121768,1.183172359140228,15.894722100000024,-4.244745138999974,17.378948332000050,-3.024334918999955
COD_Mai-Ndombe_Nioki_Mushie,Mai-Ndombe,Nioki,Mushie,COD_Mai-Ndombe,COD_Mai-Ndombe_Nioki,COD,EDu64jGXwRe,2025,CIESIN GRID3,multiple data sources,Mai-Ndombe_001,4.586700844364217,0.760145154259937,16.578483235000022,-3.058367699999962,17.915773336000029,-1.993500701999949
COD_Mai-Ndombe_Nioki_Nioki,Mai-Ndombe,Nioki,Nioki,COD_Mai-Ndombe,COD_Mai-Ndombe_Nioki,COD,j89PZlq83OT,2025,CIESIN GRID3,multiple data sources,Mai-Ndombe_001,4.044631922738223,0.489018345328650,16.932163186000025,-3.427630130999944,18.023901730000034,-2.313312874999951
COD_Maniema_Kasongo_Kabambare,Maniema,Kasongo,Kabambare,COD_Maniema,COD_Maniema_Kasongo,COD,ncFyk9qnjro,2024,CIESIN GRID3,multiple data sources,Maniema_001,6.215040877742584,0.883089630355323,27.209494604000042,-5.122833415999935,28.803528067000059,-4.125779679999937
COD_Maniema_Kasongo_Kampene,Maniema,Kasongo,Kampene,COD_Maniema,COD_Maniema_Kasongo,COD,y08g1DjhBXu,2024,CIESIN GRID3,multiple data sources,Maniema_001,4.927484004325532,0.446909241507969,25.879904967000073,-3.936249999999973,27.134108628000035,-3.039437550999935
COD_Maniema_Kasongo_Kasongo,Maniema,Kasongo,Kasongo,COD_Maniema,COD_Maniema_Kasongo,COD,MRRlnyr6MW6,2024,CIESIN GRID3,multiple data sources,Maniema_001,3.921993600612679,0.253172366216523,26.212388101000045,-4.832083332999957,27.093297141000050,-3.957337062999954
COD_Maniema_Kasongo_Kibombo,Maniema,Kasongo,Kibombo,COD_Maniema,COD_Maniema_Kasongo,COD,FMXSE1MWvdO,2024,CIESIN GRID3,multiple data sources,Maniema_001,5.645327186437596,0.617699339927564,25.436873105000075,-4.999291920999951,26.158862905000035,-3.178322980999951
COD_Maniema_Kasongo_Kunda,Maniema,Kasongo,Kunda,COD_Maniema,COD_Maniema_Kasongo,COD,MMeukZwYdI1,2024,CIESIN GRID3,multiple data sources,Maniema_001,5.946158591306016,0.559833103517478,25.878670285000055,-4.309363616999974,27.143943051000065,-3.331495075999953
COD_Maniema_Kasongo_Lusangi,Maniema,Kasongo,Lusangi,COD_Maniema,COD_Maniema_Kasongo,COD,rmoJzmAeUZq,2024,CIESIN GRID3,multiple data sources,Maniema_001,5.513364691815152,0.366742093781669,26.863166513000067,-5.052411814999971,27.678204995000044,-4.113810693999937
COD_Maniema_Kasongo_Samba,Maniema,Kasongo,Samba,COD_Maniema,COD_Maniema_Kasongo,COD,SWIUdbyuNVh,2024,CIESIN GRID3,multiple data sources,Maniema_001,4.222828381703332,0.548155403445225,25.737644281000030,-5.151291715999946,26.962494802000037,-4.228835072999971
COD_Maniema_Kasongo_Saramabila,Maniema,Kasongo,Saramabila,COD_Maniema,COD_Maniema_Kasongo,COD,aPONdpnYXAn,2024,CIESIN GRID3,multiple data sources,Maniema_001,3.968014444146608,0.279276740882553,27.006556300000057,-4.403494588999934,27.971272684000041,-3.818476225999973
COD_Maniema_Kasongo_Tunda,Maniema,Kasongo,Tunda,COD_Maniema,COD_Maniema_Kasongo,COD,BmjuXfI9o9i,2024,CIESIN GRID3,multiple data sources,Maniema_001,6.457266039153467,1.271686785488125,24.730403243000069,-5.010082040999976,25.817570854000053,-3.158811874999969
COD_Maniema_Kindu_Alunguli,Maniema,Kindu,Alunguli,COD_Maniema,COD_Maniema_Kindu,COD,w1BnPOcmluI,2024,CIESIN GRID3,multiple data sources,Maniema_001,0.929010069364714,0.022973054453482,25.928531392000025,-3.125278438999942,26.115320394000037,-2.848650655999961
COD_Maniema_Kindu_Kailo,Maniema,Kindu,Kailo,COD_Maniema,COD_Maniema_Kindu,COD,ZHRREbCOGwG,2024,CIESIN GRID3,multiple data sources,Maniema_001,10.659237262841385,1.783361991467476,24.598164918000066,-3.295090772999970,26.868303211000068,-1.738276722999956
COD_Maniema_Kindu_Kalima,Maniema,Kindu,Kalima,COD_Maniema,COD_Maniema_Kindu,COD,IpT4QLSAYMK,2024,CIESIN GRID3,multiple data sources,Maniema_001,3.697395635355588,0.339406250213366,26.178113142000029,-3.087083334999932,27.001540876000035,-2.329862937999962
COD_Maniema_Kindu_Kindu,Maniema,Kindu,Kindu,COD_Maniema,COD_Maniema_Kindu,COD,lbUq2j3aRYh,2024,CIESIN GRID3,multiple data sources,Maniema_001,0.953625840896839,0.021609538994689,25.827058023000063,-3.103872969999941,25.946930869000028,-2.783306050999954
COD_Maniema_Kindu_Pangi,Maniema,Kindu,Pangi,COD_Maniema,COD_Maniema_Kindu,COD,ie0dbeVpvnB,2024,CIESIN GRID3,multiple data sources,Maniema_001,4.304911174206439,0.346725209427230,26.095565256000043,-3.442932178999968,27.142026901000065,-2.830467501999976
COD_Maniema_Lubutu_Ferekeni,Maniema,Lubutu,Ferekeni,COD_Maniema,COD_Maniema_Lubutu,COD,YuGk2dXTvKj,2024,CIESIN GRID3,multiple data sources,Maniema_001,5.883905821203482,0.561674699482346,25.793858463000049,-2.287191083999971,27.196681053000077,-1.210933343999955
COD_Maniema_Lubutu_Lubutu,Maniema,Lubutu,Lubutu,COD_Maniema,COD_Maniema_Lubutu,COD,HtQZ7yf79SN,2024,CIESIN GRID3,multiple data sources,Maniema_001,7.271965717989996,1.013814177271818,25.912349245000030,-1.096493983999949,27.858688800000039,0.055910511000036
COD_Maniema_Lubutu_Obokote,Maniema,Lubutu,Obokote,COD_Maniema,COD_Maniema_Lubutu,COD,BsSB1PA58Qp,2024,CIESIN GRID3,multiple data sources,Maniema_001,4.121428374156305,0.373934814377188,26.121913860000063,-1.412556202999951,27.343318401000033,-0.739055893999932
COD_Maniema_Lubutu_Punia,Maniema,Lubutu,Punia,COD_Maniema,COD_Maniema_Lubutu,COD,EyMlz2Qvcmt,2024,CIESIN GRID3,multiple data sources,Maniema_001,6.419048120685887,0.860232745088657,26.213550572000031,-2.271342314999970,27.859394685000041,-1.138125489999936
COD_Mongala_Bumba_Bumba,Mongala,Bumba,Bumba,COD_Mongala,COD_Mongala_Bumba,COD,KxsehuKFqW3,2024,CIESIN GRID3,multiple data sources,Mongala_001,1.018108051720011,0.022201979726902,22.344338667000045,2.037554673000045,22.578389446000074,2.239060702000074
COD_Mongala_Bumba_Lolo,Mongala,Bumba,Lolo,COD_Mongala,COD_Mongala_Bumba,COD,Kc3iE3HU6mA,2024,CIESIN GRID3,multiple data sources,Mongala_001,3.388968404834835,0.265689654507102,22.753331464000041,2.017410077000022,23.578601383000034,2.615150528000072
COD_Mongala_Bumba_Yamaluka,Mongala,Bumba,Yamaluka,COD_Mongala,COD_Mongala_Bumba,COD,Yo6u0UIHrfc,2024,CIESIN GRID3,multiple data sources,Mongala_001,2.401910144004473,0.123775752924930,21.918603177000023,2.111885329000074,22.472901902000046,2.651755137000066
COD_Mongala_Bumba_Yambuku,Mongala,Bumba,Yambuku,COD_Mongala,COD_Mongala_Bumba,COD,J1sz6yfmelr,2024,CIESIN GRID3,multiple data sources,Mongala_001,6.025307156539456,0.700674701184883,21.516236520000064,2.186555832000067,23.068190524000045,3.334600388000069
COD_Mongala_Bumba_Yamongili,Mongala,Bumba,Yamongili,COD_Mongala,COD_Mongala_Bumba,COD,wqYpElLVfnN,2024,CIESIN GRID3,multiple data sources,Mongala_001,2.961647999691825,0.308740616337232,22.387784437000050,1.986487325000041,23.005941256000028,2.796242922000033
COD_Mongala_Lisala_Binga,Mongala,Lisala,Binga,COD_Mongala,COD_Mongala_Lisala,COD,a0M4XJunan2,2024,CIESIN GRID3,multiple data sources,Mongala_001,3.826579154962760,0.384817783671485,19.815334905000043,1.869907603000058,20.913669609000067,2.530903883000065
COD_Mongala_Lisala_Bongandanga,Mongala,Lisala,Bongandanga,COD_Mongala,COD_Mongala_Lisala,COD,DvgAtRmciu7,2024,CIESIN GRID3,multiple data sources,Mongala_001,5.718424360999654,0.797555614047149,20.641170676000058,0.725572309000029,22.132126548000031,1.688267523000036
COD_Mongala_Lisala_Boso-Manzi,Mongala,Lisala,Boso Manzi,COD_Mongala,COD_Mongala_Lisala,COD,w70GpRgNj01,2024,CIESIN GRID3,multiple data sources,Mongala_001,4.057356775170740,0.409163710726431,20.692204100000026,2.479365960000052,21.717127103000053,3.249545500000067
COD_Mongala_Lisala_Boso-Mondanda,Mongala,Lisala,Boso Mondanda,COD_Mongala,COD_Mongala_Lisala,COD,rWbNwJffOMY,2024,CIESIN GRID3,multiple data sources,Mongala_001,4.453109830045922,0.420289788961764,19.208602618000043,1.350689992000071,20.645854680000070,2.026884524000025
COD_Mongala_Lisala_Bosondjo,Mongala,Lisala,Bosondjo,COD_Mongala,COD_Mongala_Lisala,COD,jm3dqXXoblR,2024,CIESIN GRID3,multiple data sources,Mongala_001,4.045349359850708,0.424293356217988,21.352113311000039,1.597201713000061,22.578625098000032,2.186522142000058
COD_Mongala_Lisala_Lisala,Mongala,Lisala,Lisala,COD_Mongala,COD_Mongala_Lisala,COD,Xol9qIrf1Gi,2024,CIESIN GRID3,multiple data sources,Mongala_001,3.531162815406975,0.435796897940425,20.843818131000035,1.944269034000058,21.963883696000039,2.617251575000068
COD_Mongala_Lisala_Pimu,Mongala,Lisala,Pimu,COD_Mongala,COD_Mongala_Lisala,COD,YrNj0gTvp4l,2024,CIESIN GRID3,multiple data sources,Mongala_001,4.818225823048849,0.433988857479786,20.462475398000038,1.461532638000051,21.579003144000069,2.118834267000068
COD_Nord-Kivu_Butembo_Alimbongo,Nord-Kivu,Butembo,Alimbongo,COD_Nord-Kivu,COD_Nord-Kivu_Butembo,COD,NK_OdIUpgaFiL,2025,CIESIN,multiple data sources,Nord-Kivu_001,5.336579142609705,0.300973123558869,28.127244842000039,-0.633903399999951,29.386994998000034,-0.079785333999951
COD_Nord-Kivu_Butembo_Beni,Nord-Kivu,Butembo,Beni,COD_Nord-Kivu,COD_Nord-Kivu_Butembo,COD,NK_OcgHFG6Hgf,2025,CIESIN,multiple data sources,Nord-Kivu_001,2.126178743107645,0.059691977734884,29.325910800000031,0.353944701000046,29.734400500000049,0.719124300000033
COD_Nord-Kivu_Butembo_Biena,Nord-Kivu,Butembo,Biena,COD_Nord-Kivu,COD_Nord-Kivu_Butembo,COD,NK_YQOfpBtVIi,2025,CIESIN,multiple data sources,Nord-Kivu_001,2.302358249893751,0.093896385705343,28.759942750000050,0.095232946000067,29.230110300000035,0.478672200000062
COD_Nord-Kivu_Butembo_Butembo,Nord-Kivu,Butembo,Butembo,COD_Nord-Kivu,COD_Nord-Kivu_Butembo,COD,NK_hsPXKyumLE,2025,CIESIN,multiple data sources,Nord-Kivu_001,0.557249383186004,0.006443361660579,29.205189900000050,0.091189800000052,29.313515990000042,0.195480933000056
COD_Nord-Kivu_Butembo_Kalunguta,Nord-Kivu,Butembo,Kalunguta,COD_Nord-Kivu,COD_Nord-Kivu_Butembo,COD,NK_LdesWZTA6h,2025,CIESIN,multiple data sources,Nord-Kivu_001,1.969186846941903,0.071685694242176,29.142771129000039,0.151766977000023,29.566265700000031,0.490210600000069
COD_Nord-Kivu_Butembo_Kamango,Nord-Kivu,Butembo,Kamango,COD_Nord-Kivu,COD_Nord-Kivu_Butembo,COD,NK_oDrzgoE1cT,2025,CIESIN,multiple data sources,Nord-Kivu_001,1.666639662451520,0.074936867992428,29.674083000000053,0.448687034000045,29.987207485000056,0.838584200000071
COD_Nord-Kivu_Butembo_Katwa,Nord-Kivu,Butembo,Katwa,COD_Nord-Kivu,COD_Nord-Kivu_Butembo,COD,NK_2Aa3aCwezF,2025,CIESIN,multiple data sources,Nord-Kivu_001,0.466120395010919,0.006369165747139,29.283187106000071,0.053770201000020,29.361265333000063,0.184543700000063
COD_Nord-Kivu_Butembo_Kyondo,Nord-Kivu,Butembo,Kyondo,COD_Nord-Kivu,COD_Nord-Kivu_Butembo,COD,NK_keR7tMCWYj,2025,CIESIN,multiple data sources,Nord-Kivu_001,1.643113694108247,0.076470281156574,29.365890436000029,-0.168286006999949,29.660590683000066,0.197275700000034
COD_Nord-Kivu_Butembo_Lubero,Nord-Kivu,Butembo,Lubero,COD_Nord-Kivu,COD_Nord-Kivu_Butembo,COD,NK_IJbXkTuyVg,2025,CIESIN,multiple data sources,Nord-Kivu_001,4.375981859775362,0.178841608776720,28.453681940000024,-0.427540093999937,29.478085723000049,-0.004988899999944
COD_Nord-Kivu_Butembo_Mabalako,Nord-Kivu,Butembo,Mabalako,COD_Nord-Kivu,COD_Nord-Kivu_Butembo,COD,NK_H0wRH8uYQA,2025,CIESIN,multiple data sources,Nord-Kivu_001,1.893084871495688,0.071364494081987,29.012768300000062,0.325216830000045,29.390644925000061,0.686890100000028
COD_Nord-Kivu_Butembo_Manguredjipa,Nord-Kivu,Butembo,Manguredjipa,COD_Nord-Kivu,COD_Nord-Kivu_Butembo,COD,NK_6ttcLES4ue,2025,CIESIN,multiple data sources,Nord-Kivu_001,5.317035206774637,0.575760016417361,27.790753800000061,-0.171068116999948,29.066873800000053,0.697673600000030
COD_Nord-Kivu_Butembo_Masereka,Nord-Kivu,Butembo,Masereka,COD_Nord-Kivu,COD_Nord-Kivu_Butembo,COD,NK_6B9VzDNaZy,2025,CIESIN,multiple data sources,Nord-Kivu_001,1.227151881314696,0.028213995676862,29.251567816000033,-0.219608804999950,29.512915300000031,0.037790862000065
COD_Nord-Kivu_Butembo_Musienene,Nord-Kivu,Butembo,Musienene,COD_Nord-Kivu,COD_Nord-Kivu_Butembo,COD,NK_b7EFVoDnsq,2025,CIESIN,multiple data sources,Nord-Kivu_001,2.441014350022687,0.103899782575638,28.755995000000041,-0.113503699999967,29.379029800000069,0.154647900000043
COD_Nord-Kivu_Butembo_Mutwanga,Nord-Kivu,Butembo,Mutwanga,COD_Nord-Kivu,COD_Nord-Kivu_Butembo,COD,NK_8ShegKHl9f,2025,CIESIN,multiple data sources,Nord-Kivu_001,2.499057369048947,0.125945579696879,29.500609900000029,-0.125481743999956,29.920698444000038,0.569080300000053
COD_Nord-Kivu_Butembo_Oicha,Nord-Kivu,Butembo,Oicha,COD_Nord-Kivu,COD_Nord-Kivu_Butembo,COD,NK_GnVyihvDhT,2025,CIESIN,multiple data sources,Nord-Kivu_001,2.330554900276242,0.102770152622158,29.347008100000039,0.543882073000020,29.909285900000043,0.954199100000039
COD_Nord-Kivu_Butembo_Vuhovi,Nord-Kivu,Butembo,Vuhovi,COD_Nord-Kivu,COD_Nord-Kivu_Butembo,COD,NK_6eth5LA48R,2025,CIESIN,multiple data sources,Nord-Kivu_001,1.427042413726913,0.032451160918932,29.308639276000065,0.038501400000030,29.634760300000039,0.263946700000020
COD_Nord-Kivu_Goma_Bambo,Nord-Kivu,Goma,Bambo,COD_Nord-Kivu,COD_Nord-Kivu_Goma,COD,NK_ljUZK02jPH,2025,CIESIN,multiple data sources,Nord-Kivu_001,1.808142438449051,0.068149437930523,29.159893671000077,-1.355517482999971,29.374721600000044,-0.765951699999960
COD_Nord-Kivu_Goma_Binza,Nord-Kivu,Goma,Binza,COD_Nord-Kivu,COD_Nord-Kivu_Goma,COD,NK_9VleaCCSVV,2025,CIESIN,multiple data sources,Nord-Kivu_001,2.447239659096963,0.098306810047346,29.342776500000070,-1.076894499999980,29.687749350000047,-0.449521713999957
COD_Nord-Kivu_Goma_Birambizo,Nord-Kivu,Goma,Birambizo,COD_Nord-Kivu,COD_Nord-Kivu_Goma,COD,NK_UI4gdkRcJN,2025,CIESIN,multiple data sources,Nord-Kivu_001,1.531613420837548,0.041926206971955,29.022508800000026,-1.435123899999951,29.258214706000047,-1.069541978999951
COD_Nord-Kivu_Goma_Goma,Nord-Kivu,Goma,Goma,COD_Nord-Kivu,COD_Nord-Kivu_Goma,COD,NK_CHrrgk0VQy,2025,CIESIN,multiple data sources,Nord-Kivu_001,0.424536104011914,0.002732220592544,29.107127208000065,-1.700706676999971,29.245046360000060,-1.597088870999926
COD_Nord-Kivu_Goma_Itebero,Nord-Kivu,Goma,Itebero,COD_Nord-Kivu,COD_Nord-Kivu_Goma,COD,NK_FXsalWtr0P,2025,CIESIN,multiple data sources,Nord-Kivu_001,4.408183633338709,0.471229121074654,27.466092870000068,-2.142043687999944,28.679453310000042,-1.415611699999943
COD_Nord-Kivu_Goma_Karisimbi,Nord-Kivu,Goma,Karisimbi,COD_Nord-Kivu,COD_Nord-Kivu_Goma,COD,NK_JyGAtCw7sk,2025,CIESIN,multiple data sources,Nord-Kivu_001,0.480330857983732,0.004023074890311,29.098971576000054,-1.681658730999970,29.257667768000033,-1.559528030999957
COD_Nord-Kivu_Goma_Katoyi,Nord-Kivu,Goma,Katoyi,COD_Nord-Kivu,COD_Nord-Kivu_Goma,COD,NK_Ln1ZwA3DjS,2025,CIESIN,multiple data sources,Nord-Kivu_001,2.017965451275250,0.075843904542706,28.503757400000040,-1.766791399999931,28.911659049000036,-1.454427599999974
COD_Nord-Kivu_Goma_Kayna,Nord-Kivu,Goma,Kayna,COD_Nord-Kivu,COD_Nord-Kivu_Goma,COD,NK_kS8fhbZ1Q9,2025,CIESIN,multiple data sources,Nord-Kivu_001,2.167015954854100,0.085432036489157,28.863288919000070,-0.826442538999970,29.345597868000027,-0.464632694999978
COD_Nord-Kivu_Goma_Kibirizi,Nord-Kivu,Goma,Kibirizi,COD_Nord-Kivu,COD_Nord-Kivu_Goma,COD,NK_LGf8DxCvLl,2025,CIESIN,multiple data sources,Nord-Kivu_001,3.090976965931572,0.110591138271380,28.970317897000029,-1.126377799999943,29.506381499000042,-0.581284279999977
COD_Nord-Kivu_Goma_Kibua,Nord-Kivu,Goma,Kibua,COD_Nord-Kivu,COD_Nord-Kivu_Goma,COD,NK_5TxGT8OCod,2025,CIESIN,multiple data sources,Nord-Kivu_001,2.470634472951011,0.170618285486487,28.193196517000047,-1.560008633999928,28.692424709000079,-0.976781499999959
COD_Nord-Kivu_Goma_Kirotshe,Nord-Kivu,Goma,Kirotshe,COD_Nord-Kivu,COD_Nord-Kivu_Goma,COD,NK_QRWzMYq4Fd,2025,CIESIN,multiple data sources,Nord-Kivu_001,1.950087378020203,0.075261027388916,28.814227100000039,-1.749854307999954,29.203557314000079,-1.367722800999957
COD_Nord-Kivu_Goma_Masisi,Nord-Kivu,Goma,Masisi,COD_Nord-Kivu,COD_Nord-Kivu_Goma,COD,NK_T44R8omuVe,2025,CIESIN,multiple data sources,Nord-Kivu_001,3.159533554629528,0.099267993496169,28.507142800000054,-1.579985075999957,29.091192297000077,-1.127254188999927
COD_Nord-Kivu_Goma_Mweso,Nord-Kivu,Goma,Mweso,COD_Nord-Kivu,COD_Nord-Kivu_Goma,COD,NK_du5yBgEmIk,2025,CIESIN,multiple data sources,Nord-Kivu_001,2.476792689465666,0.082356660683745,28.781754405000072,-1.384136739999974,29.167541424000035,-0.869514499999980
COD_Nord-Kivu_Goma_Nyiragongo,Nord-Kivu,Goma,Nyiragongo,COD_Nord-Kivu,COD_Nord-Kivu_Goma,COD,NK_RnGV3Z8d0H,2025,CIESIN,multiple data sources,Nord-Kivu_001,0.952845283264018,0.032381984573058,29.134934300000054,-1.656536732999939,29.427179992000049,-1.453754420999928
COD_Nord-Kivu_Goma_Pinga,Nord-Kivu,Goma,Pinga,COD_Nord-Kivu,COD_Nord-Kivu_Goma,COD,NK_Tgo47mxVPT,2025,CIESIN,multiple data sources,Nord-Kivu_001,5.536921687339046,0.651147267030330,27.803821501000073,-1.226083740999968,29.064523700000052,-0.184638299999961
COD_Nord-Kivu_Goma_Rutshuru,Nord-Kivu,Goma,Rutshuru,COD_Nord-Kivu,COD_Nord-Kivu_Goma,COD,NK_GUI6yaPZqj,2025,CIESIN,multiple data sources,Nord-Kivu_001,1.998209995835166,0.062840452153729,29.197476945000062,-1.503420135999932,29.499773824000044,-0.994150234999950
COD_Nord-Kivu_Goma_Rwanguba,Nord-Kivu,Goma,Rwanguba,COD_Nord-Kivu,COD_Nord-Kivu_Goma,COD,NK_IQTs5MFDMS,2025,CIESIN,multiple data sources,Nord-Kivu_001,1.646872201459331,0.059850435562409,29.358851019000042,-1.507014379999930,29.608482667000033,-1.049305999999945
COD_Nord-Kivu_Goma_Walikale,Nord-Kivu,Goma,Walikale,COD_Nord-Kivu,COD_Nord-Kivu_Goma,COD,NK_L6bmsVRSLl,2025,CIESIN,multiple data sources,Nord-Kivu_001,4.451923495792157,0.532207260197028,27.228207411000028,-1.563028699999961,28.280716166000047,-0.782605282999953
COD_Nord-Ubangi_Gbadolite_Abuzi,Nord-Ubangi,Gbadolite,Abuzi,COD_Nord-Ubangi,COD_Nord-Ubangi_Gbadolite,COD,a4pMwNr59bj,2025,CIESIN GRID3,multiple data sources,Nord-Ubangi_001,4.501107476316223,0.913913647631428,21.250560659000030,2.911387201000025,22.605620657000031,3.991094798000063
COD_Nord-Ubangi_Gbadolite_Bili,Nord-Ubangi,Gbadolite,Bili,COD_Nord-Ubangi,COD_Nord-Ubangi_Gbadolite,COD,aU2jY9HAg9u,2025,CIESIN GRID3,multiple data sources,Nord-Ubangi_001,4.121835180834020,0.530899494982148,19.015954183000076,4.302010824000035,20.299580265000031,5.156251841000028
COD_Nord-Ubangi_Gbadolite_Bosobolo,Nord-Ubangi,Gbadolite,Bosobolo,COD_Nord-Ubangi,COD_Nord-Ubangi_Gbadolite,COD,HT0MyE7KoXx,2025,CIESIN GRID3,multiple data sources,Nord-Ubangi_001,5.788802235114526,0.522842640703375,19.240335834000064,3.860534473000030,20.456628286000068,4.782466841000030
COD_Nord-Ubangi_Gbadolite_Businga,Nord-Ubangi,Gbadolite,Businga,COD_Nord-Ubangi,COD_Nord-Ubangi_Gbadolite,COD,R9J0n0C1U0s,2025,CIESIN GRID3,multiple data sources,Nord-Ubangi_001,4.786589778456157,0.475837566056916,20.546229037000046,2.883373859000073,21.984907700000065,3.555169266000064
COD_Nord-Ubangi_Gbadolite_Gbadolite,Nord-Ubangi,Gbadolite,Gbadolite,COD_Nord-Ubangi,COD_Nord-Ubangi_Gbadolite,COD,lIWxyiAegfN,2025,CIESIN GRID3,multiple data sources,Nord-Ubangi_001,2.076394319698744,0.169068796432006,20.592436815000042,3.955078877000062,21.158802240000057,4.454399745000046
COD_Nord-Ubangi_Gbadolite_Karawa,Nord-Ubangi,Gbadolite,Karawa,COD_Nord-Ubangi,COD_Nord-Ubangi_Gbadolite,COD,N3EOJsjCXzW,2025,CIESIN GRID3,multiple data sources,Nord-Ubangi_001,2.908699664911100,0.264992775018405,20.177211658000033,2.853285922000055,20.673999418000051,3.777246126000023
COD_Nord-Ubangi_Gbadolite_Loko,Nord-Ubangi,Gbadolite,Loko,COD_Nord-Ubangi,COD_Nord-Ubangi_Gbadolite,COD,ARnHjae4l5S,2025,CIESIN GRID3,multiple data sources,Nord-Ubangi_001,5.208312636255954,0.470604137484937,19.759066889000053,3.439809140000023,21.435665984000025,4.171993267000062
COD_Nord-Ubangi_Gbadolite_Mobayi-Mbongo,Nord-Ubangi,Gbadolite,Mobayi Mbongo,COD_Nord-Ubangi,COD_Nord-Ubangi_Gbadolite,COD,e3onjTOWxjS,2025,CIESIN GRID3,multiple data sources,Nord-Ubangi_001,5.932198996692198,0.610161920676194,20.335204609000073,3.735150606000047,21.973633738000046,4.647294192000061
COD_Nord-Ubangi_Gbadolite_Wapinda,Nord-Ubangi,Gbadolite,Wapinda,COD_Nord-Ubangi,COD_Nord-Ubangi_Gbadolite,COD,CSvyaLZJiEt,2025,CIESIN GRID3,multiple data sources,Nord-Ubangi_001,3.866642345030170,0.274159012071895,22.498102493000033,3.272475242000041,23.515638662000072,3.988740829000051
COD_Nord-Ubangi_Gbadolite_Wasolo,Nord-Ubangi,Gbadolite,Wasolo,COD_Nord-Ubangi,COD_Nord-Ubangi_Gbadolite,COD,PzrqwW6m5Wz,2025,CIESIN GRID3,multiple data sources,Nord-Ubangi_001,1.628362765014358,0.096074783320477,22.196988228000066,3.753410437000070,22.711370090000059,4.080150839000055
COD_Nord-Ubangi_Gbadolite_Yakoma,Nord-Ubangi,Gbadolite,Yakoma,COD_Nord-Ubangi,COD_Nord-Ubangi_Gbadolite,COD,Bou7OgEKEp1,2025,CIESIN GRID3,multiple data sources,Nord-Ubangi_001,2.031366916030508,0.120497627353054,21.943108467000059,3.888146506000055,22.620327092000025,4.245711623000034
COD_Sankuru_Lodja_Bena-Dibele,Sankuru,Lodja,Bena Dibele,COD_Sankuru,COD_Sankuru_Lodja,COD,Qx49Xk4whc5,2024,CIESIN GRID3,multiple data sources,Sankuru_001,4.050652214366411,0.456142214932424,22.077386361000038,-4.527059399999928,23.415457982000078,-3.766148201999954
COD_Sankuru_Lodja_Djalo-Ndjeka,Sankuru,Lodja,Djalo Ndjeka,COD_Sankuru,COD_Sankuru_Lodja,COD,lDx3qiOSC3F,2024,CIESIN GRID3,multiple data sources,Sankuru_001,2.874622260277690,0.149546669393422,23.859841971000037,-3.839150702999973,24.270693022000046,-3.032268958999964
COD_Sankuru_Lodja_Katako-Kombe,Sankuru,Lodja,Katako Kombe,COD_Sankuru,COD_Sankuru_Lodja,COD,IPDJ2AFLJ1q,2024,CIESIN GRID3,multiple data sources,Sankuru_001,6.396714445615700,1.174417969229286,23.530815243000063,-3.683150604999980,25.115541768000071,-2.261438214999941
COD_Sankuru_Lodja_Kole,Sankuru,Lodja,Kole,COD_Sankuru,COD_Sankuru_Lodja,COD,aUOLee25Tko,2024,CIESIN GRID3,multiple data sources,Sankuru_001,5.186865543971394,0.869395898163258,21.967321183000024,-4.005821074999972,23.163685384000075,-2.818139375999976
COD_Sankuru_Lodja_Lodja,Sankuru,Lodja,Lodja,COD_Sankuru,COD_Sankuru_Lodja,COD,fJD7wOwwi4M,2024,CIESIN GRID3,multiple data sources,Sankuru_001,2.702601787585091,0.152114139952218,23.099836677000042,-3.632589019999955,23.830511115000036,-3.118930829999954
COD_Sankuru_Lodja_Lomela,Sankuru,Lodja,Lomela,COD_Sankuru,COD_Sankuru_Lodja,COD,L08zgLln431,2024,CIESIN GRID3,multiple data sources,Sankuru_001,7.216544327515476,1.311248619975626,22.694169443000078,-2.889573290999977,24.705615477000038,-1.697484610999936
COD_Sankuru_Lodja_Lusambo,Sankuru,Lodja,Lusambo,COD_Sankuru,COD_Sankuru_Lodja,COD,x6qA2FLnw1e,2024,CIESIN GRID3,multiple data sources,Sankuru_001,4.818700618048557,0.560580739321038,22.945153226000059,-5.350841798999966,23.792031023000050,-4.168652135999935
COD_Sankuru_Lodja_Omendjadi,Sankuru,Lodja,Omendjadi,COD_Sankuru,COD_Sankuru_Lodja,COD,Bf1FDCIjIoE,2024,CIESIN GRID3,multiple data sources,Sankuru_001,4.222092023813065,0.395689589350797,23.082275777000063,-3.555623588999936,24.069952138000076,-2.624785608999957
COD_Sankuru_Lodja_Ototo,Sankuru,Lodja,Ototo,COD_Sankuru,COD_Sankuru_Lodja,COD,Rw3GsgKRHj5,2024,CIESIN GRID3,multiple data sources,Sankuru_001,3.105080551532311,0.358808358106139,22.970781946000045,-4.239234866999936,23.624046093000061,-3.404429148999952
COD_Sankuru_Lodja_Tshudi-Loto,Sankuru,Lodja,Tshudi Loto,COD_Sankuru,COD_Sankuru_Lodja,COD,hdi8WfQrxeD,2024,CIESIN GRID3,multiple data sources,Sankuru_001,5.948742304936844,0.943424038377035,21.837573842000040,-3.066910422999968,23.218027963000054,-1.800966245999973
COD_Sankuru_Lodja_Vanga-Kete,Sankuru,Lodja,Vanga Kete,COD_Sankuru,COD_Sankuru_Lodja,COD,UXxD0fWI2yS,2024,CIESIN GRID3,multiple data sources,Sankuru_001,2.964089597595288,0.267012501127834,23.516498704000071,-4.231829417999961,24.038982578000059,-3.398205849999954
COD_Sankuru_Tshumbe_Dikungu,Sankuru,Tshumbe,Dikungu,COD_Sankuru,COD_Sankuru_Tshumbe,COD,TJpOhLF2cXo,2024,CIESIN GRID3,multiple data sources,Sankuru_001,5.003502443099874,0.358097407584286,23.751402619000032,-4.321754157999976,24.750274216000037,-3.484417071999928
COD_Sankuru_Tshumbe_Minga,Sankuru,Tshumbe,Minga,COD_Sankuru,COD_Sankuru_Tshumbe,COD,S6nnhxGaPR3,2024,CIESIN GRID3,multiple data sources,Sankuru_001,5.355889036933427,0.632926401706523,23.617081303000077,-5.445531868999979,24.662876328000038,-4.173432862999960
COD_Sankuru_Tshumbe_Pania-Mutombo,Sankuru,Tshumbe,Pania Mutombo,COD_Sankuru,COD_Sankuru_Tshumbe,COD,yzgZ77cqLEc,2024,CIESIN GRID3,multiple data sources,Sankuru_001,5.410289232839493,0.451495971994955,23.502977648000069,-5.858132854999951,24.197965479000061,-4.406794002999959
COD_Sankuru_Tshumbe_Tshumbe,Sankuru,Tshumbe,Tshumbe,COD_Sankuru,COD_Sankuru_Tshumbe,COD,fjTwDPXTHPR,2024,CIESIN GRID3,multiple data sources,Sankuru_001,5.675942157137934,0.392582518734856,23.901772853000068,-5.019588385999953,25.012668860000076,-3.983574349999969
COD_Sankuru_Tshumbe_Wembo-Nyama,Sankuru,Tshumbe,Wembo Nyama,COD_Sankuru,COD_Sankuru_Tshumbe,COD,dw6cxRCsTBH,2024,CIESIN GRID3,multiple data sources,Sankuru_001,4.242984680831303,0.258416664285267,24.388231242000074,-4.463362280999945,25.016975171000070,-3.490978900999949
COD_Sud-Kivu_Bukavu_Bagira,Sud-Kivu,Bukavu,Bagira,COD_Sud-Kivu,COD_Sud-Kivu_Bukavu,COD,aOghManYK5E,2025,CIESIN GRID3,multiple data sources,Sud-Kivu_001,0.302715050710031,0.002176904450564,28.799782083000025,-2.522289199999932,28.876706000000070,-2.440315914999928
COD_Sud-Kivu_Bukavu_Bunyakiri,Sud-Kivu,Bukavu,Bunyakiri,COD_Sud-Kivu,COD_Sud-Kivu_Bukavu,COD,Th9eFA4VSq6,2025,CIESIN GRID3,multiple data sources,Sud-Kivu_001,2.978788832590961,0.183643974702768,28.150240900000028,-2.302047083999980,28.802089469000066,-1.741849199999933
COD_Sud-Kivu_Bukavu_Ibanda,Sud-Kivu,Bukavu,Ibanda,COD_Sud-Kivu,COD_Sud-Kivu_Bukavu,COD,jOxDAa0HM4a,2025,CIESIN GRID3,multiple data sources,Sud-Kivu_001,0.282843015224611,0.002205609793828,28.844973300000049,-2.553950999999927,28.893016000000046,-2.458880499999964
COD_Sud-Kivu_Bukavu_Idjwi,Sud-Kivu,Bukavu,Idjwi,COD_Sud-Kivu,COD_Sud-Kivu_Bukavu,COD,Bxi65HPz420,2025,CIESIN GRID3,multiple data sources,Sud-Kivu_001,1.443077455033854,0.073598182272634,28.941834459000063,-2.337399212999969,29.178803332000030,-1.787385150999967
COD_Sud-Kivu_Bukavu_Kabare,Sud-Kivu,Bukavu,Kabare,COD_Sud-Kivu,COD_Sud-Kivu_Bukavu,COD,zqUe1DuDMxH,2025,CIESIN GRID3,multiple data sources,Sud-Kivu_001,0.926759518576264,0.023277994082581,28.614664736000066,-2.566222891999928,28.868403589000025,-2.407333099999960
COD_Sud-Kivu_Bukavu_Kadutu,Sud-Kivu,Bukavu,Kadutu,COD_Sud-Kivu,COD_Sud-Kivu_Bukavu,COD,bfFprcRp0YO,2025,CIESIN GRID3,multiple data sources,Sud-Kivu_001,0.250108939585241,0.001129641870647,28.815428558000065,-2.539483470999926,28.858001721000051,-2.468027404999930
COD_Sud-Kivu_Bukavu_Kalehe,Sud-Kivu,Bukavu,Kalehe,COD_Sud-Kivu,COD_Sud-Kivu_Bukavu,COD,OWrtstWKEly,2025,CIESIN GRID3,multiple data sources,Sud-Kivu_001,1.223677670190555,0.046104130758266,28.747722794000026,-2.181063494999933,29.012583169000038,-1.878140922999933
COD_Sud-Kivu_Bukavu_Kalole,Sud-Kivu,Bukavu,Kalole,COD_Sud-Kivu,COD_Sud-Kivu_Bukavu,COD,euP5fSU9vky,2025,CIESIN GRID3,multiple data sources,Sud-Kivu_001,4.245978956412995,0.548042802053980,27.085613551000051,-4.021928786999979,28.203229900000053,-3.293973009999945
COD_Sud-Kivu_Bukavu_Kalonge,Sud-Kivu,Bukavu,Kalonge,COD_Sud-Kivu,COD_Sud-Kivu_Bukavu,COD,iPD8STDLALc,2025,CIESIN GRID3,multiple data sources,Sud-Kivu_001,1.579810879423043,0.078965909566248,28.314703369000028,-2.482186049999939,28.708050989000071,-2.129025367999930
COD_Sud-Kivu_Bukavu_Kamituga,Sud-Kivu,Bukavu,Kamituga,COD_Sud-Kivu,COD_Sud-Kivu_Bukavu,COD,rv3KA7DrJCO,2025,CIESIN GRID3,multiple data sources,Sud-Kivu_001,1.903750544850594,0.107587867501058,27.920949786000051,-3.256676673999948,28.374243761000059,-2.827535999999952
COD_Sud-Kivu_Bukavu_Kaniola,Sud-Kivu,Bukavu,Kaniola,COD_Sud-Kivu,COD_Sud-Kivu_Bukavu,COD,lXfXl6ZJQWI,2025,CIESIN GRID3,multiple data sources,Sud-Kivu_001,2.352264070238459,0.099611718042357,28.286951800000054,-2.838396399999965,28.706414832000064,-2.405513399999961
COD_Sud-Kivu_Bukavu_Katana,Sud-Kivu,Bukavu,Katana,COD_Sud-Kivu,COD_Sud-Kivu_Bukavu,COD,TpB2SUwsDbn,2025,CIESIN GRID3,multiple data sources,Sud-Kivu_001,1.057570562743181,0.030783691614987,28.762748669000075,-2.401596674999951,28.997240248000026,-2.138494295999976
COD_Sud-Kivu_Bukavu_Kaziba,Sud-Kivu,Bukavu,Kaziba,COD_Sud-Kivu,COD_Sud-Kivu_Bukavu,COD,a2dADiJAGrT,2025,CIESIN GRID3,multiple data sources,Sud-Kivu_001,1.418835335153268,0.032706563475572,28.755044000000055,-3.054644699999926,28.916826670000034,-2.704936897999971
COD_Sud-Kivu_Bukavu_Kitutu,Sud-Kivu,Bukavu,Kitutu,COD_Sud-Kivu,COD_Sud-Kivu_Bukavu,COD,n1r14Rh3NvB,2025,CIESIN GRID3,multiple data sources,Sud-Kivu_001,3.425988758535488,0.254737102020775,27.723281282000073,-3.857804383999962,28.469949400000075,-3.095165072999976
COD_Sud-Kivu_Bukavu_Lulingu,Sud-Kivu,Bukavu,Lulingu,COD_Sud-Kivu,COD_Sud-Kivu_Bukavu,COD,UkT2MUS83YY,2025,CIESIN GRID3,multiple data sources,Sud-Kivu_001,4.585329226376640,0.464170464345683,26.815415732000076,-2.663188059999925,28.060091199000055,-1.991221070999927
COD_Sud-Kivu_Bukavu_Minova,Sud-Kivu,Bukavu,Minova,COD_Sud-Kivu,COD_Sud-Kivu_Bukavu,COD,oNybyvjU5ZT,2025,CIESIN GRID3,multiple data sources,Sud-Kivu_001,1.890651448378879,0.081240531757311,28.760159405000024,-1.956964543999959,29.242415236000056,-1.582627493999951
COD_Sud-Kivu_Bukavu_Miti-Murhesa,Sud-Kivu,Bukavu,Miti Murhesa,COD_Sud-Kivu,COD_Sud-Kivu_Bukavu,COD,cXkCT53xxfk,2025,CIESIN GRID3,multiple data sources,Sud-Kivu_001,1.046021683701918,0.034201021258446,28.680662668000025,-2.430361071999926,28.877436253000042,-2.159485254999936
COD_Sud-Kivu_Bukavu_Mubumbano,Sud-Kivu,Bukavu,Mubumbano,COD_Sud-Kivu,COD_Sud-Kivu_Bukavu,COD,JzBIOZSJfmJ,2025,CIESIN GRID3,multiple data sources,Sud-Kivu_001,1.595782311277194,0.033516834417078,28.473735400000066,-2.860396599999945,28.825197081000056,-2.651699015999952
COD_Sud-Kivu_Bukavu_Mulungu,Sud-Kivu,Bukavu,Mulungu,COD_Sud-Kivu,COD_Sud-Kivu_Bukavu,COD,tJmFpEp4TCb,2025,CIESIN GRID3,multiple data sources,Sud-Kivu_001,5.167232386507712,0.614518757293373,27.411117063000063,-3.367818463999924,28.409208910000075,-2.033320499999945
COD_Sud-Kivu_Bukavu_Mwana,Sud-Kivu,Bukavu,Mwana,COD_Sud-Kivu,COD_Sud-Kivu_Bukavu,COD,nfYQfVxJRyJ,2025,CIESIN GRID3,multiple data sources,Sud-Kivu_001,1.346291983395853,0.042164933230127,28.557178500000077,-3.052519699999948,28.832174051000038,-2.768426391999981
COD_Sud-Kivu_Bukavu_Mwenga,Sud-Kivu,Bukavu,Mwenga,COD_Sud-Kivu,COD_Sud-Kivu_Bukavu,COD,Q3HTytyiRyL,2025,CIESIN GRID3,multiple data sources,Sud-Kivu_001,3.320960580409100,0.207729601513838,28.211315900000045,-3.407270699999970,28.817140509000069,-2.781776099999945
COD_Sud-Kivu_Bukavu_Nyangezi,Sud-Kivu,Bukavu,Nyangezi,COD_Sud-Kivu,COD_Sud-Kivu_Bukavu,COD,sai4xbqW0CL,2025,CIESIN GRID3,multiple data sources,Sud-Kivu_001,1.049316650064811,0.018425235198817,28.782444300000066,-2.780664322999939,29.040827000000036,-2.571118574999957
COD_Sud-Kivu_Bukavu_Nyantende,Sud-Kivu,Bukavu,Nyantende,COD_Sud-Kivu,COD_Sud-Kivu_Bukavu,COD,R1E0VjRQ4SN,2025,CIESIN GRID3,multiple data sources,Sud-Kivu_001,0.437433983543720,0.004763961596043,28.831456509000077,-2.658436589999951,28.905969000000027,-2.525581199999976
COD_Sud-Kivu_Bukavu_Shabunda,Sud-Kivu,Bukavu,Shabunda,COD_Sud-Kivu,COD_Sud-Kivu_Bukavu,COD,MOESL4KbKoV,2025,CIESIN GRID3,multiple data sources,Sud-Kivu_001,3.679125349995107,0.399987244536990,26.856289750000030,-3.304259667999929,27.731537136000043,-2.552103599999953
COD_Sud-Kivu_Bukavu_Walungu,Sud-Kivu,Bukavu,Walungu,COD_Sud-Kivu,COD_Sud-Kivu_Bukavu,COD,x4xQfjclCTo,2025,CIESIN GRID3,multiple data sources,Sud-Kivu_001,1.686617533802908,0.024597169288219,28.501383700000076,-2.750690699999950,28.851421871000070,-2.513273868999931
COD_Sud-Kivu_Uvira_Fizi,Sud-Kivu,Uvira,Fizi,COD_Sud-Kivu,COD_Sud-Kivu_Uvira,COD,roraCGWMUQ0,2025,CIESIN GRID3,multiple data sources,Sud-Kivu_001,4.436059726498665,0.373235379121636,28.618995862000077,-5.009274282999968,29.264756499000043,-3.957828550999977
COD_Sud-Kivu_Uvira_Haut-Plateau,Sud-Kivu,Uvira,Haut Plateau,COD_Sud-Kivu,COD_Sud-Kivu_Uvira,COD,CP7PqKqIADY,2025,CIESIN GRID3,multiple data sources,Sud-Kivu_001,2.523429004813153,0.115804841791697,28.767119718000060,-3.650017797999965,29.084931139000048,-3.008746124999959
COD_Sud-Kivu_Uvira_Itombwe,Sud-Kivu,Uvira,Itombwe,COD_Sud-Kivu,COD_Sud-Kivu_Uvira,COD,ZwpyTsxIyb3,2025,CIESIN GRID3,multiple data sources,Sud-Kivu_001,4.353290193712366,0.265275084344028,28.172356181000055,-3.933025599999951,28.910576100000071,-3.218370624999977
COD_Sud-Kivu_Uvira_Kimbi-Lulenge,Sud-Kivu,Uvira,Kimbi Lulenge,COD_Sud-Kivu,COD_Sud-Kivu_Uvira,COD,lF2aCHDydzn,2025,CIESIN GRID3,multiple data sources,Sud-Kivu_001,5.500866586943854,0.353440141430651,27.821060319000026,-5.055271455999957,28.970454667000070,-3.821225299999981
COD_Sud-Kivu_Uvira_Lemera,Sud-Kivu,Uvira,Lemera,COD_Sud-Kivu,COD_Sud-Kivu_Uvira,COD,XFUHGajCqjY,2025,CIESIN GRID3,multiple data sources,Sud-Kivu_001,2.288987799227437,0.067538986812523,28.876198687000056,-3.322549199999969,29.121427000000040,-2.737844812999981
COD_Sud-Kivu_Uvira_Minembwe,Sud-Kivu,Uvira,Minembwe,COD_Sud-Kivu,COD_Sud-Kivu_Uvira,COD,i3NxrFDG9hU,2025,CIESIN GRID3,multiple data sources,Sud-Kivu_001,2.328428723416605,0.137629104617691,28.359671800000058,-4.237228980999930,28.841073222000034,-3.758413199999950
COD_Sud-Kivu_Uvira_Nundu,Sud-Kivu,Uvira,Nundu,COD_Sud-Kivu,COD_Sud-Kivu_Uvira,COD,pWBu6qPNvdv,2025,CIESIN GRID3,multiple data sources,Sud-Kivu_001,2.509081190700202,0.110188492174794,28.717222400000026,-4.010543454999947,29.157460901000036,-3.535957199999928
COD_Sud-Kivu_Uvira_Ruzizi,Sud-Kivu,Uvira,Ruzizi,COD_Sud-Kivu,COD_Sud-Kivu_Uvira,COD,jkonpGckbPg,2025,CIESIN GRID3,multiple data sources,Sud-Kivu_001,1.970799106136967,0.065841550881243,29.009966800000029,-3.339955666999970,29.261033000000054,-2.922734199999979
COD_Sud-Kivu_Uvira_Uvira,Sud-Kivu,Uvira,Uvira,COD_Sud-Kivu,COD_Sud-Kivu_Uvira,COD,mx8PkwuIR5x,2025,CIESIN GRID3,multiple data sources,Sud-Kivu_001,1.270601726638185,0.027275852853518,29.024156900000037,-3.557635499999947,29.214920334000055,-3.283399899999949
COD_Sud-Ubangi_Gemena_Bangabola,Sud-Ubangi,Gemena,Bangabola,COD_Sud-Ubangi,COD_Sud-Ubangi_Gemena,COD,aVeCzXx2CDZ,2025,CIESIN GRID3,multiple data sources,Sud-Ubangi_001,2.333603873561568,0.160584508047913,19.176501600000051,2.045404233000056,19.616683387000023,2.735217570000032
COD_Sud-Ubangi_Gemena_Bogosenubea,Sud-Ubangi,Gemena,Bogosenubea,COD_Sud-Ubangi,COD_Sud-Ubangi_Gemena,COD,k31uAjnzhTj,2025,CIESIN GRID3,multiple data sources,Sud-Ubangi_001,4.231738008583100,0.441987210495232,19.251877007000076,3.292261647000032,20.253477881000038,4.081284298000071
COD_Sud-Ubangi_Gemena_Bokonzi,Sud-Ubangi,Gemena,Bokonzi,COD_Sud-Ubangi,COD_Sud-Ubangi_Gemena,COD,izt3XGlBrmK,2025,CIESIN GRID3,multiple data sources,Sud-Ubangi_001,4.361541927235344,0.575659968733484,18.076036600000066,1.918481570000040,19.082784154000024,2.876620006000053
COD_Sud-Ubangi_Gemena_Bominenge,Sud-Ubangi,Gemena,Bominenge,COD_Sud-Ubangi,COD_Sud-Ubangi_Gemena,COD,kYp7VK3USwS,2025,CIESIN GRID3,multiple data sources,Sud-Ubangi_001,2.131738202978517,0.132864184713879,19.907418281000048,2.891099765000035,20.319994714000075,3.449811550000049
COD_Sud-Ubangi_Gemena_Boto,Sud-Ubangi,Gemena,Boto,COD_Sud-Ubangi,COD_Sud-Ubangi_Gemena,COD,FzA1yCf8PY7,2025,CIESIN GRID3,multiple data sources,Sud-Ubangi_001,2.597224432918519,0.163374649936969,18.586659990000044,2.779469132000031,19.322030246000054,3.190196870000022
COD_Sud-Ubangi_Gemena_Budjala,Sud-Ubangi,Gemena,Budjala,COD_Sud-Ubangi,COD_Sud-Ubangi_Gemena,COD,J1nws7yZLvv,2025,CIESIN GRID3,multiple data sources,Sud-Ubangi_001,3.442451530878886,0.323264272400664,19.295075115000031,1.999171147000027,19.891055549000043,2.848126550000075
COD_Sud-Ubangi_Gemena_Bulu,Sud-Ubangi,Gemena,Bulu,COD_Sud-Ubangi,COD_Sud-Ubangi_Gemena,COD,uCYafBxBtO8,2025,CIESIN GRID3,multiple data sources,Sud-Ubangi_001,2.964711901606430,0.226127676751103,19.795569285000056,1.972491847000072,20.251717323000037,2.947881596000059
COD_Sud-Ubangi_Gemena_Bwamanda,Sud-Ubangi,Gemena,Bwamanda,COD_Sud-Ubangi,COD_Sud-Ubangi_Gemena,COD,hlvN8zeyDZz,2025,CIESIN GRID3,multiple data sources,Sud-Ubangi_001,2.834739515481240,0.239859042020823,19.060619555000073,3.049569193000025,19.681055112000024,3.707068058000061
COD_Sud-Ubangi_Gemena_Gemena,Sud-Ubangi,Gemena,Gemena,COD_Sud-Ubangi,COD_Sud-Ubangi_Gemena,COD,F2sZHvPlln6,2025,CIESIN GRID3,multiple data sources,Sud-Ubangi_001,3.457321465111191,0.140092614052909,19.547588887000074,2.762001452000050,20.028080011000043,3.420494379000047
COD_Sud-Ubangi_Gemena_Kungu,Sud-Ubangi,Gemena,Kungu,COD_Sud-Ubangi,COD_Sud-Ubangi_Gemena,COD,C6xrZPQNxHd,2025,CIESIN GRID3,multiple data sources,Sud-Ubangi_001,3.472717810383325,0.264940529564963,18.716982345000076,2.066762863000065,19.314508377000038,2.862325568000074
COD_Sud-Ubangi_Gemena_Libenge,Sud-Ubangi,Gemena,Libenge,COD_Sud-Ubangi,COD_Sud-Ubangi_Gemena,COD,ArdlF8PnpYL,2025,CIESIN GRID3,multiple data sources,Sud-Ubangi_001,5.541866502605465,0.709488462556543,18.578481999000076,3.406568747000051,19.511092724000036,4.774840884000071
COD_Sud-Ubangi_Gemena_Mawuya,Sud-Ubangi,Gemena,Mawuya,COD_Sud-Ubangi,COD_Sud-Ubangi_Gemena,COD,HL8XdWF8Sne,2025,CIESIN GRID3,multiple data sources,Sud-Ubangi_001,3.527059542860470,0.280433172269576,18.418219291000071,2.760570959000063,19.145792300000039,3.652082617000076
COD_Sud-Ubangi_Gemena_Mbaya,Sud-Ubangi,Gemena,Mbaya,COD_Sud-Ubangi,COD_Sud-Ubangi_Gemena,COD,BWravV88qKy,2025,CIESIN GRID3,multiple data sources,Sud-Ubangi_001,2.230525628625486,0.097466293825391,20.111351257000024,2.385726199000032,20.438638468000022,2.951333482000052
COD_Sud-Ubangi_Gemena_Ndage,Sud-Ubangi,Gemena,Ndage,COD_Sud-Ubangi,COD_Sud-Ubangi_Gemena,COD,GMlNzqj2WDG,2025,CIESIN GRID3,multiple data sources,Sud-Ubangi_001,3.063728953970916,0.237904680264112,20.251916704000053,2.394263400000057,20.906433299000071,3.171051151000029
COD_Sud-Ubangi_Gemena_Tandala,Sud-Ubangi,Gemena,Tandala,COD_Sud-Ubangi,COD_Sud-Ubangi_Gemena,COD,nX75O17I2sY,2025,CIESIN GRID3,multiple data sources,Sud-Ubangi_001,2.556671742344489,0.162060032610749,19.216694441000072,2.782246179000026,19.825315758000045,3.191627326000059
COD_Sud-Ubangi_Gemena_Zongo,Sud-Ubangi,Gemena,Zongo,COD_Sud-Ubangi,COD_Sud-Ubangi_Gemena,COD,QNFYEQrW7Dy,2025,CIESIN GRID3,multiple data sources,Sud-Ubangi_001,1.390200609551830,0.075304096341296,18.543954000000042,4.008356916000025,18.954287542000031,4.370904000000053
COD_Tanganyika_Kabalo_Ankoro,Tanganyika,Kabalo,Ankoro,COD_Tanganyika,COD_Tanganyika_Kabalo,COD,dihBljVQG6z,2025,GRID3,multiple data sources,Tanganyika_001,5.924953004969685,0.767119879706248,26.099969788000067,-7.531783201999929,27.523334317000035,-6.425277360999928
COD_Tanganyika_Kabalo_Kabalo,Tanganyika,Kabalo,Kabalo,COD_Tanganyika,COD_Tanganyika_Kabalo,COD,QmaankDWQSm,2025,GRID3,multiple data sources,Tanganyika_001,8.135227648568215,1.208545147563115,25.957151778000025,-6.692707956999925,28.003458650000027,-5.644697194999935
COD_Tanganyika_Kabalo_Kiambi,Tanganyika,Kabalo,Kiambi,COD_Tanganyika,COD_Tanganyika_Kabalo,COD,pCawLGK8jaD,2025,GRID3,multiple data sources,Tanganyika_001,7.914643310222325,1.504663780722335,27.477422031000060,-8.390529584999967,28.750549088000071,-6.490915850999954
COD_Tanganyika_Kabalo_Kongolo,Tanganyika,Kabalo,Kongolo,COD_Tanganyika,COD_Tanganyika_Kabalo,COD,rDRhOPd3q1u,2025,GRID3,multiple data sources,Tanganyika_001,4.648822881421700,0.733690474713566,26.102143331000036,-5.834354915999938,27.179721669000060,-4.957216508999977
COD_Tanganyika_Kabalo_Manono,Tanganyika,Kabalo,Manono,COD_Tanganyika,COD_Tanganyika_Kabalo,COD,oU2G5jtXxFx,2025,GRID3,multiple data sources,Tanganyika_001,4.208685508537411,0.532425070879727,26.781519588000037,-7.642077154999981,27.800496724000027,-6.751642195999978
COD_Tanganyika_Kabalo_Mbulula,Tanganyika,Kabalo,Mbulula,COD_Tanganyika,COD_Tanganyika_Kabalo,COD,W7IdWpJnPra,2025,GRID3,multiple data sources,Tanganyika_001,3.740746629187204,0.295671336759392,27.051362883000024,-5.642966978999937,27.701581148000059,-4.983916522999948
COD_Tanganyika_Kalemie_Kalemie,Tanganyika,Kalemie,Kalemie,COD_Tanganyika,COD_Tanganyika_Kalemie,COD,kH7KijWY3eF,2025,GRID3,multiple data sources,Tanganyika_001,5.086972133696499,0.805986677521235,28.083202504000042,-6.851341426999966,29.498666855000067,-5.862708761999954
COD_Tanganyika_Kalemie_Kansimba,Tanganyika,Kalemie,Kansimba,COD_Tanganyika,COD_Tanganyika_Kalemie,COD,dj29qACRqOf,2025,GRID3,multiple data sources,Tanganyika_001,6.535158994043344,1.106572110902206,28.403327382000043,-7.933902163999960,29.736859652000078,-6.603613184999972
COD_Tanganyika_Kalemie_Moba,Tanganyika,Kalemie,Moba,COD_Tanganyika,COD_Tanganyika_Kalemie,COD,adxBRCwSlWc,2025,GRID3,multiple data sources,Tanganyika_001,5.694743658511213,0.918532843956093,29.548249744000032,-8.450702933999935,30.593656965000037,-6.950917987999958
COD_Tanganyika_Kalemie_Nyemba,Tanganyika,Kalemie,Nyemba,COD_Tanganyika,COD_Tanganyika_Kalemie,COD,SpDmHrCCVal,2025,GRID3,multiple data sources,Tanganyika_001,0.032312816128668,0.000076779926101,29.401497739000035,-5.721815791999973,29.411928837000062,-5.711857578999968
COD_Tanganyika_Kalemie_Nyemba,Tanganyika,Kalemie,Nyemba,COD_Tanganyika,COD_Tanganyika_Kalemie,COD,SpDmHrCCVal,2025,GRID3,multiple data sources,Tanganyika_001,0.016816435557757,0.000020285916582,29.387565045000031,-5.693363636999948,29.393962875000057,-5.689056642999958
COD_Tanganyika_Kalemie_Nyemba,Tanganyika,Kalemie,Nyemba,COD_Tanganyika,COD_Tanganyika_Kalemie,COD,SpDmHrCCVal,2025,GRID3,multiple data sources,Tanganyika_001,0.010781708698457,0.000008800660383,29.353041170000040,-5.548415949999935,29.356473747000052,-5.545084523999947
COD_Tanganyika_Kalemie_Nyemba,Tanganyika,Kalemie,Nyemba,COD_Tanganyika,COD_Tanganyika_Kalemie,COD,SpDmHrCCVal,2025,GRID3,multiple data sources,Tanganyika_001,5.517996694931314,0.737861862926662,28.084480253000038,-5.954524653999954,29.423301107000043,-4.996151603999976
COD_Tanganyika_Kalemie_Nyunzu,Tanganyika,Kalemie,Nyunzu,COD_Tanganyika,COD_Tanganyika_Kalemie,COD,uz41FkMd6Gb,2025,GRID3,multiple data sources,Tanganyika_001,8.827478085549732,1.295302721820377,26.995143183000039,-6.613581802999931,28.647549509000044,-4.963174693999974
COD_Tshopo_Kisangani_Bafwagbogbo,Tshopo,Kisangani,Bafwagbogbo,COD_Tshopo,COD_Tshopo_Kisangani,COD,jaNYqjAceGA,2024,CIESIN GRID3,multiple data sources,Tshopo_001,9.269747037739439,1.006931365302676,25.438774760000058,0.564560034000067,27.387898639000070,2.194165805000068
COD_Tshopo_Kisangani_Bafwasende,Tshopo,Kisangani,Bafwasende,COD_Tshopo,COD_Tshopo_Kisangani,COD,pLBZiohnxFC,2024,CIESIN GRID3,multiple data sources,Tshopo_001,8.272883888661061,1.453463115231213,26.041066976000025,0.059412601000020,28.027527353000039,1.536524799000063
COD_Tshopo_Kisangani_Banalia,Tshopo,Kisangani,Banalia,COD_Tshopo,COD_Tshopo_Kisangani,COD,WxBLTUjeyfB,2024,CIESIN GRID3,multiple data sources,Tshopo_001,7.626052778218295,1.304950895447610,24.439617902000066,1.149635507000028,26.626060687000063,2.364297437000062
COD_Tshopo_Kisangani_Bengamisa,Tshopo,Kisangani,Bengamisa,COD_Tshopo,COD_Tshopo_Kisangani,COD,dxiEfVDsieA,2024,CIESIN GRID3,multiple data sources,Tshopo_001,4.091341585199103,0.541363660821361,24.301157700000033,0.616791686000056,25.574489990000075,1.499288742000033
COD_Tshopo_Kisangani_Kabondo,Tshopo,Kisangani,Kabondo,COD_Tshopo,COD_Tshopo_Kisangani,COD,Al5GBxzCgMe,2024,CIESIN GRID3,multiple data sources,Tshopo_001,1.731896856806097,0.065333170412744,25.205504815000040,0.498061776000043,25.697962718000042,0.739159437000069
COD_Tshopo_Kisangani_Lowa,Tshopo,Kisangani,Lowa,COD_Tshopo,COD_Tshopo_Kisangani,COD,cbLNDeAYrGo,2024,CIESIN GRID3,multiple data sources,Tshopo_001,6.680689227088440,1.018089155985181,25.107150099000023,-2.104603197999950,26.273668973000042,-0.461250087999929
COD_Tshopo_Kisangani_Lubunga,Tshopo,Kisangani,Lubunga,COD_Tshopo,COD_Tshopo_Kisangani,COD,I9d1F9TGn33,2024,CIESIN GRID3,multiple data sources,Tshopo_001,1.897403944839769,0.075578912012597,24.878562500000044,0.153798665000068,25.361630924000053,0.559160033000069
COD_Tshopo_Kisangani_Makiso-Kisangani,Tshopo,Kisangani,Makiso Kisangani,COD_Tshopo,COD_Tshopo_Kisangani,COD,ZHIrX4z487c,2024,CIESIN GRID3,multiple data sources,Tshopo_001,1.249375267745189,0.016665460697396,25.058016655000074,0.412742105000063,25.357817707000038,0.667285406000076
COD_Tshopo_Kisangani_Mangobo,Tshopo,Kisangani,Mangobo,COD_Tshopo,COD_Tshopo_Kisangani,COD,wOWB7WbNuSN,2024,CIESIN GRID3,multiple data sources,Tshopo_001,0.172643882583924,0.001457459703829,25.120120124000039,0.520535933000076,25.176130498000077,0.562873212000056
COD_Tshopo_Kisangani_Opala,Tshopo,Kisangani,Opala,COD_Tshopo,COD_Tshopo_Kisangani,COD,G2crAXygKeF,2024,CIESIN GRID3,multiple data sources,Tshopo_001,7.859281771086503,1.423360371649462,23.398609823000072,-1.981552774999955,25.204023334000055,-0.132629104999978
COD_Tshopo_Kisangani_Opienge,Tshopo,Kisangani,Opienge,COD_Tshopo,COD_Tshopo_Kisangani,COD,G1OIhUfxLw5,2024,CIESIN GRID3,multiple data sources,Tshopo_001,7.372226646564502,1.708348580205080,26.287518100000057,-0.595979077999971,28.182299546000024,0.921321544000023
COD_Tshopo_Kisangani_Tshopo,Tshopo,Kisangani,Tshopo,COD_Tshopo,COD_Tshopo_Kisangani,COD,IMkgSD6FVjc,2024,CIESIN GRID3,multiple data sources,Tshopo_001,4.254634343420570,0.183366274232007,25.109636925000075,0.518056424000065,25.868589982000060,1.254806038000027
COD_Tshopo_Kisangani_Ubundu,Tshopo,Kisangani,Ubundu,COD_Tshopo,COD_Tshopo_Kisangani,COD,ThkZT6koPKj,2024,CIESIN GRID3,multiple data sources,Tshopo_001,6.664389767968558,1.261181204882541,24.548874615000045,-1.404442912999968,25.847766831000058,0.443296936000024
COD_Tshopo_Kisangani_Wanierukula,Tshopo,Kisangani,Wanierukula,COD_Tshopo,COD_Tshopo_Kisangani,COD,RowlA1nBHee,2024,CIESIN GRID3,multiple data sources,Tshopo_001,6.333059534948685,0.684258915326161,25.322659114000032,-0.604665899999929,26.495060883000065,0.728516513000045
COD_Tshopo_Kisangani_Yahisuli,Tshopo,Kisangani,Yahisuli,COD_Tshopo,COD_Tshopo_Kisangani,COD,HHv5opVWeoY,2024,CIESIN GRID3,multiple data sources,Tshopo_001,2.681543299362392,0.257180188901537,23.532646037000063,-0.318101982999963,24.225276656000062,0.305645109000068
COD_Tshopo_Kisangani_Yakusu,Tshopo,Kisangani,Yakusu,COD_Tshopo,COD_Tshopo_Kisangani,COD,IQjyCunMvUt,2024,CIESIN GRID3,multiple data sources,Tshopo_001,2.973619427372005,0.261728860830037,24.232700600000044,0.320164309000063,25.124431358000038,1.036102060000076
COD_Tshopo_Kisangani_Yaleko,Tshopo,Kisangani,Yaleko,COD_Tshopo,COD_Tshopo_Kisangani,COD,S8Vd8dUvIqT,2024,CIESIN GRID3,multiple data sources,Tshopo_001,4.442479410518428,0.654555962091970,24.056478870000035,-0.652164394999943,25.037702500000023,0.560511559000020
COD_Tshopo_Lokutu_Basali,Tshopo,Lokutu,Basali,COD_Tshopo,COD_Tshopo_Lokutu,COD,yS5rrhCjubi,2024,CIESIN GRID3,multiple data sources,Tshopo_001,5.835139032205672,0.972088307611589,23.619286627000065,0.960560342000065,25.169884644000035,2.283503828000050
COD_Tshopo_Lokutu_Basoko,Tshopo,Lokutu,Basoko,COD_Tshopo,COD_Tshopo_Lokutu,COD,SxrrguFFktT,2024,CIESIN GRID3,multiple data sources,Tshopo_001,3.479847436534020,0.370256549084214,23.141087873000060,1.029505249000067,24.187730574000057,1.751240025000072
COD_Tshopo_Lokutu_Isangi,Tshopo,Lokutu,Isangi,COD_Tshopo,COD_Tshopo_Lokutu,COD,dtBcztLoZpn,2024,CIESIN GRID3,multiple data sources,Tshopo_001,4.229112535596599,0.285221878159196,23.660756873000025,0.246362522000027,24.699834965000036,1.143391947000055
COD_Tshopo_Lokutu_Yabaondo,Tshopo,Lokutu,Yabaondo,COD_Tshopo,COD_Tshopo_Lokutu,COD,D4KWg03yZrX,2024,CIESIN GRID3,multiple data sources,Tshopo_001,3.631802165123644,0.346691805535778,23.511412827000072,0.210638323000069,24.218771971000024,1.040257746000066
COD_Tshopo_Lokutu_Yahuma,Tshopo,Lokutu,Yahuma,COD_Tshopo,COD_Tshopo_Lokutu,COD,quf7vedArhs,2024,CIESIN GRID3,multiple data sources,Tshopo_001,9.884944852857323,1.534269643420715,22.260713619000057,-0.427772520999952,23.796475463000036,2.090509288000021
COD_Tshopo_Lokutu_Yalimbongo,Tshopo,Lokutu,Yalimbongo,COD_Tshopo,COD_Tshopo_Lokutu,COD,CPZTm1VIXB9,2024,CIESIN GRID3,multiple data sources,Tshopo_001,4.678008393737679,0.475936350778376,22.670169257000055,1.593608294000035,24.179575094000029,2.284626593000041
COD_Tshuapa_Boende_Befale,Tshuapa,Boende,Befale,COD_Tshuapa,COD_Tshuapa_Boende,COD,gBHYNsh9EjA,2025,CIESIN GRID3,multiple data sources,Tshuapa_001,5.379779151527167,0.918110098231887,20.323271044000023,-0.067319768999937,21.664833290000047,1.235006976000022
COD_Tshuapa_Boende_Boende,Tshuapa,Boende,Boende,COD_Tshuapa,COD_Tshuapa_Boende,COD,Uyz1XxXNBKB,2025,CIESIN GRID3,multiple data sources,Tshuapa_001,8.289743896323213,0.995602954095623,19.896933777000072,-1.073948517999952,21.546672013000034,0.268198912000059
COD_Tshuapa_Boende_Djolu,Tshuapa,Boende,Djolu,COD_Tshuapa,COD_Tshuapa_Boende,COD,J7p1ASHGpX4,2025,CIESIN GRID3,multiple data sources,Tshuapa_001,5.467005942765944,0.739933848208382,22.297166316000073,-0.403776809999954,23.356207977000054,1.238099608000027
COD_Tshuapa_Boende_Lingomo,Tshuapa,Boende,Lingomo,COD_Tshuapa,COD_Tshuapa_Boende,COD,hM2ZsK1vEox,2025,CIESIN GRID3,multiple data sources,Tshuapa_001,6.092478368537641,0.733719979266284,21.627394835000075,0.318167704000075,22.708339717000058,1.778895054000031
COD_Tshuapa_Boende_Mompono,Tshuapa,Boende,Mompono,COD_Tshuapa,COD_Tshuapa_Boende,COD,Oiv2yYIjRrm,2025,CIESIN GRID3,multiple data sources,Tshuapa_001,4.905232399337870,0.470034520382989,21.044442521000065,0.046114183000043,22.420395365000047,0.658950488000073
COD_Tshuapa_Boende_Monkoto,Tshuapa,Boende,Monkoto,COD_Tshuapa,COD_Tshuapa_Boende,COD,VnNdiJcF3rF,2025,CIESIN GRID3,multiple data sources,Tshuapa_001,11.076640680404640,2.311412349892250,19.460045979000029,-2.537364377999950,22.224137508000069,-0.797659998999961
COD_Tshuapa_Boende_Wema,Tshuapa,Boende,Wema,COD_Tshuapa,COD_Tshuapa_Boende,COD,qa0zXM6tGPJ,2025,CIESIN GRID3,multiple data sources,Tshuapa_001,9.089573052290367,1.084877906796882,20.725970400000051,-1.906523369999945,22.105168810000066,-0.177609810999968
COD_Tshuapa_Bokungu_Bokungu,Tshuapa,Bokungu,Bokungu,COD_Tshuapa,COD_Tshuapa_Bokungu,COD,rhVkq8RX6BV,2025,CIESIN GRID3,multiple data sources,Tshuapa_001,5.792991065308144,0.673163016243676,21.387728542000048,-0.804770292999933,22.666851272000031,0.164818722000064
COD_Tshuapa_Bokungu_Busanga,Tshuapa,Bokungu,Busanga,COD_Tshuapa,COD_Tshuapa_Bokungu,COD,PpY62UBIBEf,2025,CIESIN GRID3,multiple data sources,Tshuapa_001,3.706816870673791,0.331415204260173,21.649991005000061,-1.388022597999964,22.328562386000044,-0.539660272999924
COD_Tshuapa_Bokungu_Ikela,Tshuapa,Bokungu,Ikela,COD_Tshuapa,COD_Tshuapa_Bokungu,COD,S3K6ShnHjIY,2025,CIESIN GRID3,multiple data sources,Tshuapa_001,8.115130714313345,1.260523724173398,22.644938044000071,-2.101568282999949,24.446274109000058,-0.289667831999964
COD_Tshuapa_Bokungu_Mondombe,Tshuapa,Bokungu,Mondombe,COD_Tshuapa,COD_Tshuapa_Bokungu,COD,sJNFC3s1djp,2025,CIESIN GRID3,multiple data sources,Tshuapa_001,4.993816825677026,0.613100659997500,22.409967024000025,-1.183104844999946,23.318368393000071,0.166678563000062
COD_Tshuapa_Bokungu_Yalifafu,Tshuapa,Bokungu,Yalifafu,COD_Tshuapa,COD_Tshuapa_Bokungu,COD,pVmIEdIFeUJ,2025,CIESIN GRID3,multiple data sources,Tshuapa_001,5.858163370139724,0.847891013925386,21.959648512000058,-1.946541322999963,23.199270155000079,-0.617676000999950
